CB_REFERENCE_NUMBER,EXPIRY_DATE,REGISTRATION_TYPE,APPLICANT_TYPE,COMPANY_NAME,TRADING_NAME,COMPANY_NO
CB/AE5003NM/A001,7/19/2014,Carrier,Company,ATKINSON LIGHT HAULAGE (RETFORD) LTD,,06820868
CB/AE5008QW/A001,11/28/2014,Carrier,Company,KERNOW FARM PLASTICS LTD,,05198913
CB/AE5091LG/A001,1/9/2015,Carrier,Company,KITCHENS & BEYOND LTD,,07709497
CB/AE5095LE/A001,1/5/2015,Carrier and Broker,Company,DOOLEY LTD,,04873936
CB/AE5131AV/R003,10/9/2014,Carrier,Company,Triac Air Conditioning Ltd.,,02767594
CB/AE5193BL/A001,12/14/2014,Carrier,Company,Alpa Rohstoffhandel GMBH + Co Kg,,ALPAROHS
CB/AE5194LE/A001,10/20/2014,Carrier,Company,ARDENT SERVICES LTD,,03717877
CB/AE5200QU/A001,11/20/2014,Carrier,Company,M&G STONE LTD,,04361391
CB/AE5205AQ/A001,9/19/2014,Carrier,Company,DRAINTECH SERVICES (MIDLANDS) LTD,,06421649
CB/AE5209QQ/A001,12/7/2014,Carrier,Company,BLOXWICH ENVIRONMENTAL SERVICES LTD,,05313861
CB/AE5209UL/R002,11/12/2014,Carrier,Company,K & A Building Services Ltd.,,04371730
CB/AE5306WB/A001,9/29/2014,Carrier,Company,R P L CONSTRUCTION LTD,,05393942
CB/AE5498BR/A001,12/15/2014,Carrier,Company,TRIED  &  TRUE LTD,Deborah's House Clearance,07687011
CB/AE5502VD/A001,7/21/2014,Carrier and Broker,Company,CUSWORTH FLOORING SERVICES LTD,,06683689
CB/AE5508WT/V002,9/4/2014,Carrier,Company,SUTCLIFFE PLAY (SOUTH WEST) LTD,,04780910
CB/AE5594LQ/A001,1/13/2015,Carrier,Company,A.D.E.V.A. HOME IMPROVEMENTS LTD,,04773130
CB/AE5598SN/A001,6/24/2014,Carrier,Company,BELGRAVE SERVICES LTD,,03213971
CB/AE5603NV/A001,7/29/2014,Carrier,Company,GD MCKAY LTD,Mckays,03579033
CB/AE5608VH/A001,8/23/2014,Carrier,Company,D.J. COOK (BUILDERS) LTD,,00712557
CB/AE5693LQ/A001,1/3/2015,Carrier,Company,FIRSTMARK CONSULTANCY LTD,,03861656
CB/AE5893LL/A001,1/3/2015,Carrier,Company,PJ MATERIALS LTD,, 0785896
CB/AE5895SN/A001,3/20/2015,Carrier and Broker,Company,PURE SOLVE UK LIMITED,,03294328
CB/AE5996BB/A001,12/19/2014,Carrier and Broker,Company,RAINHAM RECLAMATION & RECYCLING LTD,,07713745
CB/AM3081ZH/A001,12/15/2014,Carrier,Company,DALEMOUNT SERVICES LTD,DSL Electrical / DSL Heating,04888494
CB/AM3085KL/A001,7/3/2014,Carrier,Company,KNITCRAFTS (MANSFIELD) LTD,,00342380
CB/AM3182HD/A001,9/18/2014,Carrier,Company,STAR REFURBISHMENTS LTD,,05758731
CB/AM3280HA/A001,9/8/2014,Carrier,Company,JW COLPITTS & CO LTD,,01476873
CB/AM3284TN/R006,9/1/2014,Carrier and Broker,Company,RAF-LONDON LTD,,05140942
CB/AM3385KT/A001,7/29/2014,Carrier,Company,E & B ENGINEERING SERVICES (SPECIAL WORK,,02855830
CB/AM3483FS/A001,9/20/2014,Carrier,Company,CITY WORKS SERVICES LTD,,05555322
CB/AM3486KZ/A001,7/18/2014,Carrier and Broker,Company,KITCHENS WITH KLASS LTD,Kitchens with Klass Ltd,06370395
CB/AM3487CG/A001,12/4/2014,Carrier,Company,MIDSHIRE BUSINESS SYSTEMS LTD,,02496142
CB/AM3582KG/A001,8/5/2014,Carrier,Company,JULIES BOOKSHOP LTD,Nationwide Book Buyers,05674846
CB/AM3687GE/A001,6/29/2014,Carrier,Company,CSD Internet Point Limited,,05349326
CB/AM3687KR/A001,8/17/2014,Carrier,Company,K & B ROOFING CONTRACTORS LTD,,03024285
CB/AM3687ZH/A001,12/16/2014,Carrier,Company,........0.....0.....0.....AAAAAA. Maxi-Flow Ltd,,03997834
CB/AM3688KY/A001,7/4/2014,Carrier,Company,ALI AUTOS LTD,,05977701
CB/AM3780KG/A001,6/28/2014,Carrier,Company,W N SURFACING LTD,,07395945
CB/AM3783NV/A001,12/19/2014,Carrier,Company,POLIDOR RECYCLING LIMITED,,06961479
CB/AM3787ZC/A001,12/18/2014,Carrier,Company,TEES VALLEY COMPONENTS LTD,,05624064
CB/AM3788KQ/A001,7/3/2014,Carrier,Company,ELLIOT LEIGH PROPERTY MANAGEMENT LTD,,04840441
CB/AM3980KF/A001,6/27/2014,Carrier,Company,PEARCE PLATFORD LTD,,02981514
CB/AM3986TK/A001,8/11/2014,Carrier,Company,HALL & ROCHE LOGISTICS LTD,,00523787
CB/BE5002WC/A001,9/5/2014,Carrier and Broker,Company,ALPHA GRAB HIRE LIMITED,,07753471
CB/BE5105QN/A001,12/1/2014,Carrier,Company,MICHAEL WALSH (PLASTERERS) LTD,,01319319
CB/BE5106JT/A001,11/5/2014,Carrier,Company,K.I.M. DEVELOPMENTS LTD,,01779797
CB/BE5201AV/A001,9/20/2014,Carrier,Company,QUEST ENVIROMENTAL LTD,,07405935
CB/BE5205QV/A001,12/18/2014,Carrier,Company,F. ROBINSON PALLETS LTD,,04333943
CB/BE5293LV/A001,1/2/2015,Carrier,Company,A1 Event Exhibition Window & Office Cleaners Ltd,,0603628
CB/BE5304AP/A001,9/19/2014,Carrier,Company,LANCE BUILDING CONTRACTORS LTD,,04071271
CB/BE5307AX/A001,9/21/2014,Carrier,Company,CAMMACK BUILDERS LTD,,04530423
CB/BE5401CJ/A001,7/23/2014,Carrier,Company,TBS ADAPTATIONS LTD,,02517627
CB/BE5404CM/A001,6/24/2014,Carrier,Company,A & R COOLING SERVICES LTD, & R COOLING SERVICES,03787412
CB/BE5497SF/A001,1/2/2015,Carrier and Broker,Company,Alan Dick Communications Limited,,07780713
CB/BE5504WS/V002,9/5/2014,Carrier,Company,CALBROOKE MAINTENANCE LTD,,05314834
CB/BE5595LS/A001,1/4/2015,Carrier,Company,Lenton Site Service Ltd,,07750185
CB/BE5602AS/A001,8/23/2014,Carrier,Company,CLAYDENS OF SAFFRON WALDEN LTD,,02758269
CB/BE5602CM/A001,7/6/2014,Carrier and Broker,Company,GOWER PLANT HIRE LTD,,03186726
CB/BE5606CC/A001,6/28/2014,Carrier,Company,WHITEAR BUILDERS LTD,,04664712
CB/BE5700QV/A001,12/12/2014,Carrier,Company,J & S PLANT (CUMBRIA) LTD,J & S Plant (Cumbria) Ltd,04237725
CB/BE5700VY/A001,8/15/2014,Carrier,Company,HEREWARD ROOFING LTD,,05126608
CB/BE5701ZL/A001,7/18/2014,Carrier and Broker,Company,ATLANTIC CONTRACTING LIMITED,,06021177
CB/BE5708VZ/A001,7/25/2014,Broker,Company,ANYCOM LTD,,04555563
CB/BE5800NE/A001,8/1/2014,Carrier,Company,AUTOMOTIVE CLEANERS LTD,,04290510
CB/BE5802CK/A001,7/3/2014,Carrier,Company,FRANK RUSHBY LTD,,02288511
CB/BE5908WA/A001,9/5/2014,Carrier,Company,SERAPH PROPERTY MAINTENANCE LTD,,07035818
CB/BM3081KD/A001,7/17/2014,Carrier,Company,RICKERBY ESTATES LTD,,04931356
CB/BM3085ZR/A001,11/28/2014,Carrier and Broker,Company,PARCELRITE LTD,,03271767
CB/BM3088KH/V002,7/3/2014,Carrier,Company,GLOBAL ROAD RUNNERS LTD,,06937563
CB/BM3180NQ/A001,12/20/2014,Carrier,Company,ANGLO ESPANOL LTD,Plastech Windows,07033516
CB/BM3280HR/A001,9/12/2014,Carrier,Company,IVEL BUILDING SERVICES LTD,,05399600
CB/BM3286KH/A001,7/18/2014,Carrier,Company,GRAEME JOYNSON LTD,All trades network,07415846
CB/BM3380HY/A001,8/21/2014,Carrier,Company,SEATON BUILDING SERVICES LTD,,06544281
CB/BM3385NZ/A001,3/1/2015,Carrier,Company,LITTLE MONGEHAM LTD,,02578480
CB/BM3387KN/A001,8/12/2014,Carrier,Company,BAILEY-JOHNS (P.H.L.) LTD,,02195636
CB/BM3388KV/A001,7/3/2014,Carrier,Company,ROAD HAULAGE UK LTD,,07141979
CB/BM3481CD/A001,11/8/2014,Carrier,Company,TRIPLE K CLEARANCE LTD,,05581734
CB/BM3484GX/V004,7/6/2014,Carrier,Company,A1 Supa Skips Ltd.,,03569203
CB/BM3486HF/A001,9/19/2014,Carrier,Company,HARROWBROOK COMMERCIALS LTD,,04940798
CB/BM3581CJ/A001,11/17/2014,Carrier,Company,DAVID HUGGETT MOTOR FACTORS LTD,,01052555
CB/BM3583HG/A001,8/17/2014,Carrier,Company,BUILDING ASSOCIATES LTD,,03956019
CB/BM3587HE/A001,10/3/2014,Carrier,Company,THURGOODS LTD,,00690535
CB/BM3683TY/A001,7/19/2014,Carrier,Company,BIG CITY GAS CO  LTD,,05481940
CB/BM3780TW/A001,7/20/2014,Carrier,Company,SWIFT PROPERTY CARE LTD,,07112259
CB/BM3780ZQ/A001,11/24/2014,Carrier,Company,MORAN CONSTRUCTION UK LTD,,05846612
CB/BM3781CS/A001,11/13/2014,Carrier,Company,JOHN BYWATER TRANSPORT LTD,,02779409
CB/BM3783HF/A001,8/17/2014,Carrier,Company,PERRY & SON LTD,,04686251
CB/BM3786HW/A001,10/7/2014,Carrier and Broker,Company,ROTUNDA CONSTRUCTION LTD,,04168815
CB/BM3787ZZ/A001,12/12/2014,Carrier,Company,VIDA ROGERS LTD,,00521195
CB/BM3788KP/A001,10/3/2014,Carrier,Company,LAMBETH LIVING LTD,,06276595
CB/BM3789ZW/A001,11/23/2014,Carrier,Company,VERTIGO TRANSPORT LTD,,06350949
CB/BM3880ZB/A001,11/15/2014,Carrier,Company,JUDGE FOX LTD,,04660372
CB/BM3882HF/A001,9/12/2014,Carrier,Company,ANDREW PORTER LTD,Andrew Porter Ltd,06858823
CB/BM3889NG/R003,1/12/2015,Carrier,Company,A.P. MAGER HAULAGE LTD,,04460404
CB/BM3983TL/A001,8/11/2014,Carrier and Broker,Company,DUNMOW GLASS LTD,,04109246
CB/BM3983ZT/A001,12/2/2014,Carrier,Company,BRIDGWATER CIVIL ENGINEERING LTD,,06731513
CB/BM3985NB/A001,1/4/2015,Carrier,Company,GOYT KITCHEN FABRICATIONS LTD,,04600827
CB/BN5517HC/R003,7/3/2014,Carrier,Company,David Lloyd Contractors Ltd.,,04128659
CB/CE5004WW/A001,9/5/2014,Carrier,Company,VERDER LTD,,03156345
CB/CE5105AQ/A001,9/19/2014,Carrier,Company,ELMTREE CONTRACTS LIMITED,,07531854
CB/CE5107CU/A001,7/19/2014,Carrier,Company,H B C SOUTH YORKSHIRE LTD,Peter Housley Removals,03650568
CB/CE5199BW/A001,12/14/2014,Carrier,Company,Chenery Enterprises Limited,Premier Windows & Conservatories,07811251
CB/CE5203AY/A001,11/22/2014,Carrier,Company,Veres Intertrans KFT,,20090715
CB/CE5207CG/A001,7/11/2014,Broker,Company,TDG RECYCLED PLASTICS LTD,,05033241
CB/CE5306HC/R003,12/29/2014,Carrier,Company,Cos Removals (2003) Ltd.,,04649998
CB/CE5403ZS/A001,7/4/2014,Carrier,Company,ALL IN ONE PROPERTY SERVICES LTD,,04718789
CB/CE5601CL/A001,7/3/2014,Carrier and Broker,Company,Electric Air Limited,,07619724
CB/CE5602AL/A001,9/19/2014,Carrier,Company,J.R. & A.G. DIACK LTD,,04447422
CB/CE5692SX/V002,12/28/2014,Carrier and Broker,Company,WASTE TYRE MANAGEMENT LTD,Waste Tyre Management,07828838
CB/CE5696LG/A001,1/9/2015,Carrier,Company,HAMCHEM LTD,,02444309
CB/CE5704WG/A001,9/5/2014,Carrier,Company,NORTHERN TRANSPORT SERVICES LTD,,01904118
CB/CE5707WZ/A001,10/2/2014,Carrier,Company,SAFEGAS LTD,,03061492
CB/CE5709LX/R003,12/10/2014,Carrier,Company,V J  Bailey (Port Talbot) Ltd.,,00866355
CB/CE5798LZ/A001,1/10/2015,Carrier and Broker,Company,PEAK GENERAL TRADING LTD,,02778511
CB/CE5806WZ/A001,9/18/2014,Carrier and Broker,Company,ATLAS COPCO LTD,,00159809
CB/CE5807WE/A001,9/19/2014,Carrier,Company,DIESELEC THISTLE GENERATORS LIMITED,,SC269766
CB/CE5809NH/A001,8/9/2014,Carrier,Company,MONOLITHIC ENVIRONMENTAL SERVICES LTD,,05190510
CB/CE5995LF/A001,1/5/2015,Carrier,Company,FOUNDATION PROPERTY SERVICES LTD,The Revival Company,04613067
CB/CM3087ZP/A001,12/12/2014,Carrier,Company,PUBLIC ACCESS LTD,,05325433
CB/CM3181ZN/A001,12/10/2014,Carrier,Company,H & E BUILDING LTD,,07001285
CB/CM3281CW/A001,11/16/2014,Carrier,Company,STEVE MITCHELL LTD,SML Contracts,04422123
CB/CM3282HP/A001,9/18/2014,Carrier,Company,S K MARSH JOINERY LTD,,06378170
CB/CM3283FP/A001,10/10/2014,Carrier,Company,STUART SMITH ROOFING CONTRACTORS LTD,,05358426
CB/CM3284HM/A001,9/30/2014,Carrier,Company,E E S I LTD,EESI Group Services,02939365
CB/CM3287HH/A001,10/9/2014,Carrier,Company,LAURA ANDERSON LTD,,04282629
CB/CM3383NH/A001,12/20/2014,Carrier,Company,LONDON WARDROBES LTD,,07346088
CB/CM3480TC/A001,8/2/2014,Carrier,Company,A & H HARGREAVES (ROSSENDALE) LTD,,04762807
CB/CM3485KZ/A001,7/20/2014,Carrier,Company,HOLFORD POWER LTD,Staffordshire Organics,06049537
CB/CM3583HK/A001,9/16/2014,Carrier,Company,EMBIL LTD,,03686594
CB/CM3583TD/A001,7/20/2014,Carrier,Company,ADCOMBE DEVELOPMENTS LTD,,06321353
CB/CM3587TM/A001,8/16/2014,Carrier,Company,MOSBOROUGH BLOCK PAVING LTD,MBP Ltd,05369355
CB/CM3587ZH/A001,12/18/2014,Carrier,Company,LEXAS SHOPFITTING LIMITED,,04461973
CB/CM3681ZP/A001,11/30/2014,Carrier,Company,TCB PROPERTY MAINTENANCE LTD,,05557450
CB/CM3682HK/A001,10/2/2014,Carrier,Company,ACE MOVEMENTS TRANSPORT LTD,,06428458
CB/CM3780KT/A001,6/27/2014,Carrier,Company,P K C Brickwork Ltd,,05105554
CB/CM3784HN/A001,9/7/2014,Carrier,Company,ALC (FMC) LTD,,05424243
CB/CM3787HD/A001,9/15/2014,Carrier,Company,LITTLE POT' TRANSPORT LTD,,05077609
CB/CM3883ND/A001,12/19/2014,Carrier,Company,KNOLLYS LTD,,07510765
CB/CM3889KU/A001,7/3/2014,Carrier,Company,BURDEN TRANSPORT LTD,,03201506
CB/CM3983KR/A001,6/26/2014,Carrier,Company,Hydraulic Power Services Ltd.,,04186656
CB/CM3986KB/A001,7/11/2014,Carrier,Company,LOCKED OUT PROPERTY MAINTENANCE LTD,,05967224
CB/CP3790MA/R005,8/18/2014,Carrier,Company,COOKS COMMERCIALS LTD,,04878510
CB/DE5101ED/A001,8/8/2014,Carrier,Company,LOWTHER'S LOFTS LTD,,06463108
CB/DE5102RF/V002,10/9/2014,Carrier,Company,Womble recycling ltd,,07778844
CB/DE5203ZQ/A001,7/4/2014,Carrier,Company,TRENT & DOVE HOUSING LIMITED,,IP030668
CB/DE5206JZ/A001,11/17/2014,Carrier,Company,FORTIS ASSIST LIMITED,,07179511
CB/DE5208JW/A001,11/15/2014,Carrier,Company,E-TECH GROUP LTD,,04080287
CB/DE5301CJ/A001,6/29/2014,Carrier and Broker,Company,WREXHAM BULK BAG LTD,,07502003
CB/DE5307ZT/A001,7/29/2014,Carrier,Company,G & M BUILDING CONTRACTORS (CALNE) LTD,,05883495
CB/DE5393LD/A001,1/7/2015,Carrier,Company,TEAM COMMUNICATION SERVICES LTD,,02523594
CB/DE5401JG/A001,11/21/2014,Carrier and Broker,Company,ENVIRO-IT LTD,,07814275
CB/DE5498SE/A001,12/27/2014,Carrier,Company,Highcroft Landscapes Limited,,07044657
CB/DE5499BP/A001,12/14/2014,Broker,Company,JOBEC UK LIMITED,,03445432
CB/DE5501ZB/A001,7/14/2014,Carrier,Company,BRECKON & SHAW LTD,,02063503
CB/DE5505EC/A001,8/11/2014,Carrier,Company,AMIOLE LIMITED,,5859433
CB/DE5630CU/R002,7/27/2014,Carrier and Broker,Company,U K INKS LTD,,05457602
CB/DE5809QN/A001,11/23/2014,Carrier and Broker,Company,ACTION STORAGE SYSTEMS LTD,,02005856
CB/DE5903DE/V002,10/14/2014,Carrier,Company,Paul Richardson Builder and Contractor Ltd,,06765497
CB/DE5903VT/A001,8/17/2014,Carrier,Company,AFTON KITCHEN FACELIFT LIMITED,,07699152
CB/DM3083TF/A001,7/20/2014,Carrier,Company,KSR STORAGE & LOGISTICS LTD,,07022336
CB/DM3083ZW/A001,11/22/2014,Carrier,Company,A GROUP (ANGLIA) LTD,,06745435
CB/DM3086KK/A001,7/18/2014,Carrier,Company,JMM AUTOS LTD,,05235833
CB/DM3087ZB/A001,12/21/2014,Carrier,Company,LORNFORD CONSTRUCTION LTD,,03431731
CB/DM3183KM/R002,7/10/2014,Carrier,Company,PASSENGER VEHICLE SPARES (BARNSLEY) LTD,,01059096
CB/DM3183NG/A001,1/8/2015,Carrier,Company,J.B.C. CRAWLEY INDUSTRIAL SERVICES LTD,,01130294
CB/DM3187CM/A001,11/30/2014,Carrier,Company,APPLE GAS & HEATING LTD,,05512505
CB/DM3189NR/A001,1/3/2015,Carrier,Company,CELLULAR ASSET MANAGEMENT LTD,,04816571
CB/DM3287CX/A001,11/21/2014,Carrier,Company,STREETWISE COURIERS SURREY LTD,,03023599
CB/DM3289KA/A001,6/30/2014,Carrier,Company,SMC MANAGEMENT (EUROPE) LTD,,06447063
CB/DM3381CD/A001,11/23/2014,Carrier,Company,J.R. ROOFING (HITCHIN) LTD,,02833073
CB/DM3382HL/A001,9/7/2014,Carrier,Company,MICK.TODD ELECTRICAL CONTRACTORS LTD,,04830849
CB/DM3680NF/A001,12/28/2014,Carrier,Company,KAB NETWORKS LTD,,07353048
CB/DM3686KD/A001,7/18/2014,Carrier,Company,JWB TRANSPORT SERVICES LTD,,04193744
CB/DM3783NR/A001,12/19/2014,Carrier,Company,ASPIRE ELECTRICAL LTD,,05095099
CB/DM3788KS/A001,7/5/2014,Carrier and Broker,Company,GREEN 4 LIFE RECYCLING LTD,,06539111
CB/DM3980ZU/A001,11/24/2014,Carrier and Broker,Company,BUNDLE SERVICES LTD,,06678208
CB/DM3983HW/A001,8/22/2014,Carrier and Broker,Company,Crawfords Property Restoration & Cleaning Ltd,,07484592
CB/DM3986KS/A001,7/14/2014,Carrier,Company,DWC TRADE WINDOWS LTD,,04172734
CB/DM3989TW/A001,8/16/2014,Carrier and Broker,Company,OVER 2 HILLS LTD,,07107247
CB/DN5017SE/R002,2/25/2015,Carrier and Broker,Company,Lyons Heavy Haulage Ltd.,,06083208
CB/EE5000VH/A001,8/16/2014,Carrier,Company,G & W BUILDERS LTD,,04529301
CB/EE5005AQ/A001,10/10/2014,Carrier,Company,R B EVANS ELECTRICAL & BUILDING SERVICES,,04484954
CB/EE5102UE/R004,11/22/2014,Carrier and Broker,Company,Roydon Polythene (Exports) Ltd.,,03852634
CB/EE5206WL/A001,9/14/2014,Carrier,Company,BENLEE CONSTRUCTION LTD,,03178542
CB/EE5206ZX/A001,7/29/2014,Carrier,Company,REEVES & PERRIN BUILDING CONTRACTORS LIMITED,,04438825
CB/EE5390SJ/A001,12/21/2014,Carrier,Company,KETTLE CIVILS LTD,,07705186
CB/EE5404VS/A001,9/6/2014,Carrier,Company,BOND'S UTILITIES SERVICES LTD,,05190203
CB/EE5405AG/A001,9/21/2014,Carrier,Company,Jaylen Groundworks Limited,,07522327
CB/EE5406CF/A001,6/28/2014,Carrier,Company,UK TIPPERS LTD,,07165726
CB/EE5408EW/A001,9/14/2014,Carrier,Company,ARNOLD DIGGLE  &  SON LTD,,05413123
CB/EE5408QU/A001,12/15/2014,Carrier,Company,SUPER ALLOYS INTERNATIONAL LTD,,02823637
CB/EE5492LY/A001,8/29/2014,Carrier,Company,Convenient Conveniences Ltd.,,02030413
CB/EE5504VM/A001,8/21/2014,Carrier and Broker,Company,PARSONS PLUMBING AND HEATING LIMITED,,3461923
CB/EE5604ZH/A001,7/17/2014,Carrier and Broker,Company,R&M WASTE SERVICES LTD,,07201559
CB/EE5697BB/A001,12/20/2014,Carrier,Company,RADCOT PLANT LTD,,05418240
CB/EE5709AY/A001,10/20/2014,Carrier,Company,AJET DRAIN SERVICES LTD,,05318591
CB/EE5792SH/A001,12/28/2014,Carrier,Company,D J Melsome & Son Ltd.,,03393789
CB/EE5806NX/A001,7/31/2014,Carrier,Company,IDM GROUP LTD,,03664243
CB/EE5990SH/A001,12/22/2014,Carrier,Company,PLANT 4 HIRE LTD,,06498587
CB/EM3080HA/A001,8/23/2014,Carrier,Company,SAGEWISE LTD,,05674162
CB/EM3083HP/A001,8/21/2014,Carrier,Company,KEEPING-IT-HOT LTD,,06470193
CB/EM3183KU/A001,6/26/2014,Carrier,Company,Compass Site Services (Uk) Ltd.,,04739138
CB/EM3187HH/A001,9/15/2014,Carrier,Company,M & M GREENE SERVICES LTD,,01813340
CB/EM3281TC/A001,8/15/2014,Carrier,Company,C M PRO LTD,All Trades Network,06052534
CB/EM3386TP/A001,8/13/2014,Carrier and Broker,Company,LONDON GROUNDS & PROPERTY MAINTENANCE LT,LONDON GROUNDS & PROPERTY MAINTENANCE LTD,06542090
CB/EM3389NP/A001,1/10/2015,Carrier,Company,FAIRWAY PROPERTY SERVICES LTD,,04311858
CB/EM3480FP/A001,9/21/2014,Carrier,Company,WM REFRIGERATION LTD,W M Air conditioning,04145089
CB/EM3485KE/A001,7/25/2014,Carrier and Broker,Company,AM TECHNICAL LTD,,05294677
CB/EM3582FX/A001,11/21/2014,Carrier,Company,ELECTRIO LTD,,02932226
CB/EM3584HC/A001,9/7/2014,Carrier,Company,FOUR SEASONS GLAZING LTD,,03985677
CB/EM3585ND/A001,1/8/2015,Carrier,Company,READY STEADY MOVE LTD,,07495803
CB/EM3587TX/A001,9/13/2014,Carrier,Company,RIGG CONSTRUCTION (SOUTHERN) LTD,Rigg Construction (Southern) Ltd,02217116
CB/EM3680TA/A001,7/25/2014,Carrier,Company,RAMASON LTD,,06646302
CB/EM3681KF/A001,7/18/2014,Carrier,Company,TURNERS CARPENTRY & JOINERY LTD,,05547378
CB/EM3683NA/A001,12/19/2014,Carrier,Company,CURA ENERGY LTD,,07716124
CB/EM3687CE/A001,11/21/2014,Carrier and Broker,Company,MAICO LTD,,04730936
CB/EM3688HJ/A001,9/11/2014,Carrier,Company,TANDRIDGE INTERIORS LTD,,04978107
CB/EM3689KL/A001,6/29/2014,Carrier,Company,M A S SPECIAL ENGINEERING LTD,,03550779
CB/EM3788KL/A001,7/24/2014,Carrier,Company,RIVERLEA LTD,,06409891
CB/EM3889KG/A001,6/30/2014,Carrier,Company,IWE ELECTRICAL SERVICES LTD,,05330541
CB/EM3889NH/A001,1/11/2015,Carrier,Company,ASHMORE SERVICES (NEWBURY) LTD,,04333286
CB/EM3985KB/A001,7/20/2014,Carrier,Company,RICHARD LONG LTD,,01078691
CB/EN5617WK/R003,8/29/2014,Carrier,Company,HOLLANDS HEATING ESSEX LTD,,06631774
CB/EN5711TR/R003,11/30/2014,Carrier and Broker,Company,Innovation Waste Management Ltd.,,05584573
CB/EN5712MN/R003,10/9/2014,Broker,Company,Farm Xs (Nw) Ltd.,,05714578
CB/EN5915DE/R004,9/24/2014,Carrier,Company,P & W TRANSPORT LTD,,05548106
CB/FE5002WV/A001,9/6/2014,Carrier,Company,HOLMBUSH FENCING SUPPLIES LTD,,06833215
CB/FE5006JF/A001,10/13/2014,Carrier,Company,POLYTECK BUILDING SERVICES LTD,,05498728
CB/FE5006RR/V002,10/13/2014,Carrier,Company,A & A Skinner Limited,Premier Tyres,07681858
CB/FE5095SL/A001,1/4/2015,Carrier and Broker,Company,TCMS (MIDLANDS) LTD,,04431192
CB/FE5104ZB/A001,7/5/2014,Carrier,Company,EAST COAST FENCING LTD,,06468954
CB/FE5107EH/A001,9/7/2014,Carrier,Company,J.W.LANE(AGRICULTURAL ENGINEERS) LTD,,00685468
CB/FE5190LC/A001,1/3/2015,Carrier and Broker,Company,RAPYAL MEAT & POULTRY LTD,,05219945
CB/FE5203ZB/A001,7/3/2014,Carrier,Company,A.R.V. AGRICULTURAL ENGINEERING LTD,,04830574
CB/FE5306ZT/V002,9/1/2014,Carrier,Company,H.F.BATES AND SONS LIMITED,,04799113
CB/FE5307CC/A001,7/4/2014,Carrier,Company,Ambrose Smith Ltd,Total Roofing Services,07625422
CB/FE5503QJ/A001,11/22/2014,Carrier and Broker,Company,Vos Logistics Forwarding Poland,,255230
CB/FE5507ZE/A001,7/17/2014,Carrier,Company,LINCS PVC LTD,,05110231
CB/FE5602AX/A001,9/22/2014,Carrier and Broker,Company,B P CATS LIMITED,,07579076
CB/FE5607ED/A001,8/18/2014,Carrier,Company,PETER M JAMES LTD,,05426951
CB/FE5608VE/A001,8/21/2014,Carrier and Broker,Company,SECURI-CABIN UK LTD,,NI607582
CB/FE5638FS/R003,7/31/2014,Carrier,Company,BRICKFIELD HAULAGE LTD,,05331285
CB/FE5693SF/A001,12/21/2014,Carrier,Company,M & D Lefley Limited,Rainbow International,04993020
CB/FE5796LC/A001,1/9/2015,Carrier,Company,WILLIAM MURPHY & SONS LTD,,05734300
CB/FE5801CH/A001,6/29/2014,Carrier,Company,SOLAR ENERGY SUPPLIERS LTD,,06724708
CB/FE5802ZF/A001,7/17/2014,Carrier,Company,BERKSHIRE GARDEN MAINTENANCE LIMITED,,07604168
CB/FE5890LS/A001,1/3/2015,Carrier,Company,RIPPON CONSTRUCTION LTD,,06954285
CB/FE5895BS/A001,12/14/2014,Carrier,Company,WCA Contracts Limited,,07809075
CB/FE5904CA/A001,11/22/2014,Carrier and Broker,Company,JARAD LTD,,NI068146
CB/FE5907CP/A001,7/4/2014,Carrier and Broker,Company,Astound Specialist Services Ltd,,07604787
CB/FE5994BS/A001,12/12/2014,Carrier,Company,ABBEYVIEW SERVICES LTD,,04228835
CB/FM3080ZZ/A001,11/23/2014,Carrier,Company,H.R. FIRE & SAFETY LTD,,01284511
CB/FM3081ZE/A001,12/14/2014,Carrier,Company,LONDON COMPUTER RECYCLING LTD.,,06853460
CB/FM3086KH/A001,7/13/2014,Carrier,Company,S RAWLINS DOUBLE GLAZING LTD,,04452429
CB/FM3183TE/A001,7/20/2014,Carrier,Company,G N GROUNDWORKS LTD,,05926572
CB/FM3184HU/A001,9/11/2014,Carrier,Company,ABBOTTS ROOFING LTD,,05854079
CB/FM3280KS/A001,7/22/2014,Carrier,Company,Fulwood Roofing Services (Northern) Ltd.,,01490532
CB/FM3280TF/A001,8/22/2014,Carrier,Company,GILL ENTERPRISES YORKSHIRE LTD,,04188257
CB/FM3289ZF/A001,11/27/2014,Carrier and Broker,Company,FRANK BRIGHT RECOVERY LTD,,05885985
CB/FM3385NW/A001,1/5/2015,Carrier and Broker,Company,B & H INTERNATIONAL TRADING LTD,,05375140
CB/FM3389TG/A001,7/17/2014,Carrier,Company,MONARCH ROOFING CO LTD,,04263122
CB/FM3480TE/A001,7/25/2014,Carrier,Company,CRAMSCENE LTD,,01289631
CB/FM3487TU/A001,8/18/2014,Carrier,Company,A.G. PLANT HIRE LTD,,03988633
CB/FM3583KN/A001,7/27/2014,Carrier,Company,Hartdale Motors Ltd.,,00907475
CB/FM3680TR/A001,8/15/2014,Carrier,Company,WHOLESALE PACKAGING LTD,,05166694
CB/FM3783HE/A001,8/13/2014,Carrier,Company,VORN LTD,,05166220
CB/FM3787HQ/A001,9/21/2014,Carrier and Broker,Company,LC HAULAGE LTD,,07470054
CB/FM3880NW/A001,12/22/2014,Carrier,Company,ENTEC ACCESS SYSTEMS LTD,,05826911
CB/FM3883ZF/A001,11/22/2014,Carrier and Broker,Company,ADVANTAGE FIBRES INTERNATIONAL LTD,,06511565
CB/FM3887ZR/A001,12/18/2014,Carrier,Company,MIDLANDS POWER & MOTION LTD,,04090513
CB/FM3983NB/A001,12/19/2014,Carrier and Broker,Company,ASTON BUILDING DEVELOPMENTS LTD,,05363731
CB/GE5003ZJ/A001,7/4/2014,Carrier and Broker,Company,Ecostar Recycling Ltd,,07657095
CB/GE5004EL/A001,8/28/2014,Carrier and Broker,Company,R J J FREIGHT LTD,,02812754
CB/GE5008JV/A001,11/14/2014,Carrier,Company,MEREDITH BUILDING CO  LTD,,04373818
CB/GE5009QB/A001,10/23/2014,Carrier and Broker,Company,NAAS CORPORATION LTD,,03559881
CB/GE5038WK/R003,9/15/2014,Carrier,Company,J G ENERGY SOLUTIONS LIMITED,,04623833
CB/GE5101CY/A001,6/29/2014,Carrier,Company,LAKESIDE NETWORK SOLUTIONS LTD,,06445725
CB/GE5109QL/A001,11/22/2014,Carrier,Company,CMS ENGINEERING SERVICES LTD,,04715513
CB/GE5197SH/A001,1/2/2015,Carrier and Broker,Company,TOTUS ENVIRONMENTAL LTD,,07708260
CB/GE5209ZN/V002,7/7/2014,Carrier and Broker,Company,DANGLOR ENVIROCARE LTD,,07450861
CB/GE5303AL/A001,11/22/2014,Carrier,Company,Triumph Motor Hungary Kt ,,01099565
CB/GE5305AG/A001,9/14/2014,Carrier,Company,WINGROVE CONTRACTORS LTD,,02933208
CB/GE5408QG/A001,11/27/2014,Carrier and Broker,Company,M.A.C. CONTRACT PROJECTS LTD,,05882471
CB/GE5501EG/A001,8/10/2014,Carrier,Company,DGA COMPLETE CONSTRUCTION LTD,,07565551
CB/GE5608QF/A001,11/30/2014,Carrier,Company,J J CLEANING SERVICES LTD,,04156205
CB/GE5800AG/A001,10/2/2014,Carrier and Broker,Company,L REYNOLDS ENVIRONMENT SERVICES LTD,,06659680
CB/GE5800EF/V002,8/20/2014,Carrier and Broker,Company,FENNER NASH ELECTRICAL LTD,,02906887
CB/GE5802AF/A001,9/19/2014,Carrier,Company,DOMINION BUSINESS SUPPLIES LTD,,01489579
CB/GE5809JH/A001,11/10/2014,Carrier,Company,P B Pumps & Motors (London) Ltd,,06451943
CB/GE5901WT/A001,9/19/2014,Carrier,Company,ABC RECYCLING LTD,,07750752
CB/GE5902JJ/A001,11/10/2014,Carrier and Broker,Company,Greased Lightning (Oil Management Services) Limited,,06053337
CB/GE5905VV/A001,9/7/2014,Carrier,Company,GRAYSMARK LTD,,05432244
CB/GE5933JL/R002,8/8/2014,Carrier,Company,R. ADAMS & SONS LTD,,05349320
CB/GE5994SD/A001,1/8/2015,Carrier and Broker,Company,DAWES PROPERTY SERVICES LTD,,04000145
CB/GE5996BG/A001,12/15/2014,Carrier,Company,D. J. HOUGHTON & SONS (GROUNDWORKS) LTD,,05794719
CB/GM3081TH/A001,8/14/2014,Carrier,Company,ALBERT HAIGH & SON LTD,albert haigh & son ltd,00635452
CB/GM3083FP/A001,10/14/2014,Carrier and Broker,Company,S.E.S. RECYCLING LTD,,04724786
CB/GM3086HK/A001,9/8/2014,Carrier and Broker,Company,J & J ELECTRICAL (CUMBRIA) LTD,,04249215
CB/GM3087ZM/A001,12/18/2014,Carrier and Broker,Company,SOUTHAMPTON SPECIAL PURPOSE WORKSHOP LTD,,05145667
CB/GM3180HJ/A001,8/23/2014,Carrier,Company,KEMERTON MANAGEMENT SERVICES LTD,,07444084
CB/GM3183KG/A001,6/24/2014,Carrier,Company,Mth Construction Services Ltd.,,06449287
CB/GM3183TV/A001,7/20/2014,Carrier,Company,ABBEY LIFTS LTD,,01667840
CB/GM3187KE/A001,7/20/2014,Carrier,Company,FACILIT8 UK LTD,,06345535
CB/GM3285NV/A001,1/4/2015,Carrier and Broker,Company,COOL PROJECTS LTD,,03289419
CB/GM3288NJ/A001,1/9/2015,Carrier,Company,LONGCROSS CONSTRUCTION LTD,,05333176
CB/GM3389ZN/A001,11/23/2014,Carrier,Company,CONRO ELECTRONICS LTD,,05469980
CB/GM3480HM/A001,9/11/2014,Carrier,Company,UNIVERSAL SUPPLIES (SURREY) LTD,,00448616
CB/GM3486HV/A001,10/7/2014,Carrier,Company,YOUNG LEISURE (CORNWALL) LTD,,05591734
CB/GM3487CZ/A001,12/5/2014,Carrier,Company,SPECZONE LTD,,03531746
CB/GM3580NC/A001,1/26/2015,Carrier,Company,BRADGATE MOTORS LTD,fox covert dismantlers,01125488
CB/GM3585NJ/A001,1/19/2015,Carrier and Broker,Company,T.T. CATERING SOLUTIONS LTD,,04207210
CB/GM3586HA/A001,9/19/2014,Carrier,Company,GRALYN JOINERY LTD,,07363230
CB/GM3787KL/A001,7/19/2014,Carrier,Company,FOUR CORNERS PROPERTIES LTD,,06930195
CB/GM3987ZJ/A001,12/18/2014,Carrier,Company,PHILLIPS STEEL CONSTRUCTION LTD,,04512448
CB/GM3988NC/A001,1/8/2015,Carrier and Broker,Company,GREENCLIFF LTD,,07145421
CB/GN5615LR/R002,3/2/2015,Carrier,Company,SHIPP SHAPE LTD,,06794516
CB/HE5208QM/A001,11/27/2014,Carrier,Company,SWIFT TIMBER HOMES LTD,,04119617
CB/HE5208VT/A001,8/14/2014,Carrier,Company,Capper Trading Ltd,,NI020754
CB/HE5209AN/A001,9/2/2014,Carrier,Company,SEPTEMBER PROPERTIES LTD,,05826839
CB/HE5300VR/V002,9/1/2014,Carrier,Company,RYEDALE SKIP HIRE LTD,,04445883
CB/HE5301CS/A001,7/14/2014,Carrier,Company,PHS FACILITIES SERVICES LTD,,02793814
CB/HE5302WP/A001,9/25/2014,Carrier,Company,SHARMANS AGRICULTURAL LTD,,00199317
CB/HE5502RQ/V003,10/13/2014,Carrier and Broker,Company,Tradebe Solvent Recycling Ltd.,,03890526
CB/HE5506CV/A001,6/28/2014,Carrier,Company,CHEVRON (WALES) TRAFFIC MANAGEMENT LTD,,03936573
CB/HE5609QN/A001,11/23/2014,Carrier and Broker,Company,P B METALS LTD,,07803515
CB/HE5695SW/A001,12/30/2014,Carrier,Company,HORSFORTH PAVING LTD,,06390328
CB/HE5697BM/A001,12/29/2014,Carrier,Company,C.G.MURRAY & SON LIMITED,Murrays Healthcare,00647407
CB/HE5798BK/A001,12/20/2014,Carrier and Broker,Company,Bellsure Supplies Limited,Sandrock Developments,06955991
CB/HE5803NL/A001,7/19/2014,Carrier,Company,DESIGN GLASS LTD,,04592851
CB/HE5806NT/A001,8/1/2014,Carrier,Company,G & E SERVICES LTD,,06036708
CB/HE5909AM/A001,9/13/2014,Carrier and Broker,Company,RECYCLED WASTE (POLYSTYRENE) LTD,recycled waste management limited,07050860
CB/HE5909QD/A001,11/22/2014,Carrier and Broker,Company,SPECIALITY LUBRICANTS LTD,,06682467
CB/HM3080ZE/A001,11/25/2014,Carrier,Company,MANOR DEVELOPMENTS (SALISBURY) LTD,,03762679
CB/HM3085NZ/A001,1/13/2015,Carrier,Company,1ST CALL RECOVERY LTD,,06496135
CB/HM3087HF/A001,9/11/2014,Carrier,Company,ATMOSPHERES AIR CONDITIONING SERVICES LT,,04051770
CB/HM3089KA/A001,7/1/2014,Carrier,Company,EASIFALL INTERNATIONAL LTD,,03229720
CB/HM3280CD/V003,10/20/2014,Carrier,Company,P.J. LABOUR SERVICES LTD,,03229168
CB/HM3280ZR/A001,11/22/2014,Carrier,Company,OPTIMUM PLUMBING & HEATING LTD,,05025095
CB/HM3282HU/A001,10/2/2014,Carrier,Company,COTSWOLD WINDOWS (CHELTENHAM) LTD.,,01286219
CB/HM3283HG/A001,9/11/2014,Carrier,Company,WING SECURITY LTD,,04389731
CB/HM3283KH/A001,6/18/2014,Carrier,Company,Baron Developments (Uk) Ltd.,,06458845
CB/HM3283NZ/A001,12/24/2014,Carrier,Company,AMS NO-DIG LTD,,02703484
CB/HM3380NT/A001,12/22/2014,Carrier,Company,R.A.HOPPER LTD,,05861047
CB/HM3387ZF/V004,12/30/2014,Carrier,Company,PD & CL BUILDING SERVICES LTD,,04886774
CB/HM3388NB/A001,3/11/2015,Carrier,Company,R.S. RECOVERY LTD,,03407923
CB/HM3389KP/A001,7/17/2014,Carrier and Broker,Company,COMSTAT LTD,,03097204
CB/HM3486CC/A001,12/2/2014,Carrier,Company,PHARMA-Z LTD,NATURAL HEALTH PHARMACY,03891952
CB/HM3489CA/R002,12/16/2014,Carrier,Company,ARNOLD SNELL BUILDING LTD.,,05431973
CB/HM3582HF/A001,10/15/2014,Carrier,Company,IVER RECYCLING LTD,PAYNES METAL RECYCLING,04164378
CB/HM3589ZR/A001,11/13/2014,Carrier,Company,ICO (UK) LTD,ICO UK Ltd,03261137
CB/HM3782KA/R002,7/3/2014,Carrier,Company,AXIS AUTOMATIC ENTRANCE SYSTEMS LTD,,02164850
CB/HM3783HW/A001,8/18/2014,Broker,Company,MORGAN SUPPLIES LTD,,04933408
CB/HM3784HR/A001,9/1/2014,Carrier,Company,ROTARY NORTHERN LTD,,00443393
CB/HM3883HR/A001,9/10/2014,Carrier,Company,PEVERELL GARAGE LTD,,04649295
CB/HM3885KS/A001,6/30/2014,Carrier and Broker,Company,BEACONS FENCING & CONSTRUCTION LTD,,04917805
CB/HM3887HL/A001,9/14/2014,Carrier and Broker,Company,PEAKE CLEANING & HYGIENE SERVICES LTD,,04624542
CB/HM3989KC/A001,7/16/2014,Carrier,Company,NICHOLAS MORRIS BRICKLAYING SERVICES LTD,,04054724
CB/HN5372UQ/R003,10/11/2014,Carrier,Company,Widerange Services (London) Ltd.,,04939634
CB/JE5002WD/A001,9/18/2014,Carrier and Broker,Company,MVR MINIMATT LIMITED,,07752711
CB/JE5002ZQ/A001,7/18/2014,Carrier,Company,G P SERVICES (MIDLANDS) LTD,,05592647
CB/JE5102NZ/A001,7/29/2014,Carrier,Company,SIMPSON PARTNERS LTD,,04211047
CB/JE5105NR/V002,9/2/2014,Carrier,Company,R & R CONTAINERS LTD,,05936280
CB/JE5108VT/A001,8/28/2014,Carrier,Company,MCCABE BUILDERS LTD,,05011465
CB/JE5207AC/A001,9/22/2014,Carrier,Company,A. HOLDEN'S LTD,,04404022
CB/JE5208NL/V002,7/29/2014,Carrier,Company,RAWRETH REMOVALS LTD,,06584823
CB/JE5300AP/A001,9/19/2014,Carrier,Company,COMBINATION BOILER SERVICES LTD,,05361127
CB/JE5402ZG/A001,7/19/2014,Carrier,Company,VISION INTERIOR PROJECTS (UK) LTD,,04320589
CB/JE5408EJ/A001,8/11/2014,Carrier,Company,D & D TRANSPORT (WALES) LIMITED,,07699620
CB/JE5505WC/A001,9/6/2014,Carrier,Company,STORMSEAL (SOUTH WEST) LTD,,04166401
CB/JE5507JL/A001,11/22/2014,Carrier,Company,Total Maintenance Systems Limited,,07792374
CB/JE5508GS/A001,11/22/2014,Carrier,Company,Transportes Y Almacenes Transitario,Grupo TT,ESA15276
CB/JE5508VW/A001,10/3/2014,Carrier,Company,INTER CITY EXPRESS LTD,,04010334
CB/JE5509QN/A001,10/21/2014,Carrier,Company,TURNWILL HAULAGE LTD,,03728125
CB/JE5702ZZ/A001,7/19/2014,Carrier,Company,WARRENS ELECTRICAL SERVICES LTD,,06078491
CB/JE5705EJ/A001,8/11/2014,Carrier,Company,METAL PROCESSING LIMITED,,5466731
CB/JE5708JT/A001,10/17/2014,Carrier,Company,Pearce Signs Ltd.,,03005322
CB/JE5709NE/A001,7/25/2014,Carrier,Company,C.A.DESIGN SERVICES LTD,,01595687
CB/JE5793LH/A001,1/3/2015,Carrier and Broker,Company,Blancomet SCOT Ltd,Blancomet SCOT Ltd,SC410678
CB/JE5801EV/A001,8/5/2014,Carrier,Company,Groveport Logistics Ltd,,05410792
CB/JE5803AV/A001,9/30/2014,Carrier,Company,FERRERS TECHNICAL SERVICES LTD,,01736102
CB/JE5809NW/A001,7/25/2014,Carrier,Company,M & J HAULAGE (MIDLANDS) LTD,,05818798
CB/JE5898SU/A001,12/27/2014,Carrier and Broker,Company,LAMB-LATORE' LTD,,03478293
CB/JE5902CA/A001,6/28/2014,Carrier,Company,TRINITY TIMBER PRESERVATION & DAMP CONTROL LTD,,02536138
CB/JE5908EK/A001,8/11/2014,Carrier,Company,KINGDOM CONTRACTING SERVICES LIMITED,,07652976
CB/JE5994LV/A001,1/8/2015,Carrier and Broker,Company,CHASING PAPER LTD,Chasing Paper Ltd,06897783
CB/JM3080NU/A001,12/28/2014,Carrier and Broker,Company,TSA HEATING SERVICES LTD,,07457350
CB/JM3082TE/A001,8/23/2014,Carrier,Company,STEVE LUMLEY PLANING LTD,Steve Lumley Planing Ltd,03694294
CB/JM3086CX/A001,10/31/2014,Carrier,Company,NORTH WEST DIRECT FREIGHT LTD,,05000290
CB/JM3186TB/A001,8/17/2014,Carrier and Broker,Company,FLAKT WOODS LTD,,00233771
CB/JM3187TL/A001,8/17/2014,Carrier and Broker,Company,DPS PIPEWORK SERVICES LTD,,03428254
CB/JM3281HU/A001,9/13/2014,Carrier,Company,SWALLOWCOURT LTD,,01748499
CB/JM3381HG/A001,9/13/2014,Carrier,Company,COMPLETE MOLING SERVICES (SOUTH EAST) LT,,06803978
CB/JM3382KC/A001,7/16/2014,Carrier,Company,Trust Civil Engineers Limited,Trust Civil Engineers Limited,05809155
CB/JM3387TG/A001,9/14/2014,Carrier,Company,LUSSO DEVELOPMENTS LTD,,02402149
CB/JM3389KS/A001,7/18/2014,Carrier,Company,NICHOLSON (NEEDHAM) LTD,,04689163
CB/JM3481HT/A001,1/21/2015,Carrier and Broker,Company,TOM WHITE WASTE LTD,,01201361
CB/JM3484HE/A001,9/14/2014,Carrier and Broker,Company,BPN UK LTD,,05963195
CB/JM3485CC/A001,11/15/2014,Carrier,Company,MELTON CONTAINER LOGISTICS LTD,,07155278
CB/JM3485KD/A001,7/4/2014,Carrier,Company,All Round Heating Services Ltd.,,03628893
CB/JM3486TG/A001,8/17/2014,Carrier and Broker,Company,MOTIV8 MOTORCYCLES (NORFOLK) LTD,,06407498
CB/JM3581CX/A001,11/20/2014,Carrier,Company,ACE TYRES LTD,,03476158
CB/JM3584HW/A001,9/26/2014,Carrier,Company,SAYES & CO LTD,,00257299
CB/JM3586KP/A001,7/21/2014,Carrier,Company,INSTALL DIRECT LTD,,04634162
CB/JM3683HW/A001,9/14/2014,Carrier,Company,BARKER & GEARY LTD,,01241348
CB/JM3683KD/A001,8/15/2014,Carrier and Broker,Company,Circuit Computer Brokerage Ltd.,,02595670
CB/JM3689NF/A001,1/4/2015,Carrier,Company,DEBA (UK) LTD,,03293847
CB/JM3789ZB/A001,11/28/2014,Carrier,Company,SOUTHERN COUNTIES LIFT SERVICES LTD,,01817333
CB/JM3883HY/A001,8/22/2014,Carrier,Company,A C L CARE HOMES LTD,,03528962
CB/JM3886CJ/A001,11/15/2014,Carrier and Broker,Company,M E PAINTING & DECORATING LTD,,04581833
CB/JM3886HL/A001,9/19/2014,Carrier,Company,CARTER RETAIL EQUIPMENT LTD,,00618898
CB/JM3889NE/A001,1/5/2015,Carrier,Company,M C SKIPS LTD,,05634594
CB/JM3989KN/A001,7/20/2014,Carrier,Company,THE ELECTRONIC WASTE CO  LTD,The Electronic Waste Company Ltd,05942876
CB/KE5007CF/A001,6/30/2014,Carrier and Broker,Company,T.R.U. LTD,,02708234
CB/KE5008EE/A001,9/2/2014,Carrier,Company,SPECIALIST EXTERNAL RENDERING SYSTEMS LIMITED,,02473034
CB/KE5008QL/A001,12/7/2014,Carrier,Company,EURO CLAD (BUILDING SERVICES) LTD,,02424261
CB/KE5202JC/A001,11/30/2014,Carrier,Company,BLYTH HAULAGE LTD,,04666953
CB/KE5204WU/A001,9/30/2014,Carrier,Company,S.J.CLEAR & CO. LTD,,00294817
CB/KE5206WT/A001,9/18/2014,Carrier,Company,PENNY ELECTRICAL LTD,,04588512
CB/KE5301EG/A001,8/10/2014,Carrier,Company,M S TREECARE LIMITED,,07518446
CB/KE5304QB/A001,11/28/2014,Carrier and Broker,Company,LENMARK CONSTRUCTION LTD,,07717950
CB/KE5309AR/A001,9/26/2014,Carrier,Company,K ADAMS & SON BUILDERS LTD,,04798029
CB/KE5395BY/A001,12/14/2014,Carrier,Company,Yes2Ventures Limited,Barnsley Wood Recycling,03694091
CB/KE5507CY/A001,6/26/2014,Carrier,Company,PROP FARM LTD,,01682312
CB/KE5509AQ/A001,10/3/2014,Carrier,Company,P B HAULAGE (STAFFS) LTD,,06620260
CB/KE5608CB/A001,6/26/2014,Carrier,Company,JOHN H. GARDNER LTD,,06011259
CB/KE5801YZ/A001,10/23/2014,Carrier,Company,MAINSAIL HAULAGE LTD,,02960822
CB/KE5806CB/A001,6/28/2014,Carrier,Company,R. WILLIAMS & CO. LTD,,02330772
CB/KE5902JS/A001,11/3/2014,Carrier,Company,A A ADAMS LTD,,05257043
CB/KE5903QF/A001,11/21/2014,Carrier,Company,Cora Trans, s.r.o.,,43974082
CB/KE5906NN/A001,7/31/2014,Carrier and Broker,Company,GILBERT ELECTRICAL LTD,,06397379
CB/KM3085NV/A001,1/4/2015,Carrier,Company,MIKE BAKER PLUMBING & HEATING LTD,,05186975
CB/KM3086HC/A001,10/3/2014,Carrier,Company,C & R CONTRACTORS LTD,,02025311
CB/KM3087HN/A001,10/11/2014,Carrier,Company,PRIMROSE PROPERTY MAINTENANCE (LONDON) L,,03020514
CB/KM3180TN/A001,7/18/2014,Carrier,Company,PARKDALE CONTRACTS LTD,,04123172
CB/KM3188KY/A001,7/10/2014,Carrier,Company,DAVE BONNER JOINERY LTD,,05841291
CB/KM3280HM/A001,8/22/2014,Carrier,Company,CHELLOW CONSTRUCTION LTD,,03446244
CB/KM3280TV/A001,7/25/2014,Carrier,Company,TCT (SOUTHWEST) LTD,,06884333
CB/KM3283TJ/A001,7/20/2014,Carrier,Company,D C RICHMOND ROOFING LTD,,05922088
CB/KM3385NJ/A001,2/27/2015,Carrier and Broker,Company,WHITKIRK WASTE SOLUTIONS LTD,,05647893
CB/KM3389NX/A001,1/2/2015,Carrier,Company,BENKELL LTD,,06040654
CB/KM3483ND/A001,12/20/2014,Carrier and Broker,Company,LEO BUILDING CONSTRUCTION LTD,,06429283
CB/KM3483ZK/A001,11/30/2014,Carrier,Company,LLOYD MORRIS ELECTRICAL LTD,,01185881
CB/KM3487HJ/A001,9/14/2014,Broker,Company,FARM XS LTD.,,06130548
CB/KM3489KU/A001,7/17/2014,Carrier,Company,MONTAD LTD,Cargo Express,01976742
CB/KM3489ZD/A001,11/23/2014,Carrier,Company,O.A. BARRACLOUGH LTD,,03255481
CB/KM3580HH/A001,9/14/2014,Carrier,Company,D. W. ELECTRICAL LTD,,03771569
CB/KM3583KR/A001,6/24/2014,Carrier,Company,S & G Engineering (Ne) Ltd.,,06621366
CB/KM3681KW/A001,7/30/2014,Carrier,Company,J C COURIERS LTD,,02930797
CB/KM3683TX/A001,7/24/2014,Carrier and Broker,Company,CADDIS LTD,,06462703
CB/KM3688NH/A001,1/9/2015,Carrier,Company,WOOBURN LANDSCAPES LTD,,06923603
CB/KM3789TD/A001,8/1/2014,Carrier,Company,LANGHAM INDUSTRIAL CONTROLS LTD,,03154801
CB/KM3885KU/A001,6/30/2014,Carrier and Broker,Company,DK ASBESTOS LTD,,07209853
CB/KM3889KZ/A001,6/28/2014,Carrier and Broker,Company,CONSTRUCTION RECYCLATE MANAGEMENT LTD,,05524804
CB/KM3980HA/A001,8/19/2014,Carrier and Broker,Company,B.J. ELECTRONICS (UK) LTD,,05425630
CB/KM3980ZC/A001,11/22/2014,Carrier,Company,ONE PRICE FIRE PROTECTION LTD,,05815244
CB/KN5215UP/R002,3/19/2015,Carrier and Broker,Company,DELATIM LTD,,05475170
CB/KN5810WM/R002,11/30/2014,Carrier and Broker,Company,Happy Home Improvements Ltd.,,05293648
CB/KN5815SH/R002,2/18/2015,Carrier,Company,SHIL PHARMACY LTD,Shil Pharmacy,05223275
CB/LE5004AM/A001,9/18/2014,Carrier,Company,C DAVIES NON FERROUS METALS LTD,,05452753
CB/LE5009QX/A001,11/23/2014,Carrier,Company,MASON STREET FURNITURE LTD,,07704832
CB/LE5109AV/A001,9/21/2014,Carrier and Broker,Company,HOT DEALS FOR U LIMITED,,07689742
CB/LE5308WV/A001,9/5/2014,Carrier,Company,D B BLOCKS LTD.,,05119071
CB/LE5309VW/A001,9/4/2014,Carrier,Company,COLLINGWOOD GROUNDWORKS LTD,,04844923
CB/LE5390LJ/A001,1/3/2015,Carrier,Company,AGGRE-HAUL LTD,,06321422
CB/LE5433NS/R002,9/5/2014,Carrier,Company,Heelas Plumbing Services Ltd.,Heelas Heating & Renewables,05208171
CB/LE5502ZF/A001,7/18/2014,Carrier,Company,POSATIVE ENERGY SOLUTIONS LTD,,6853367
CB/LE5508JG/A001,11/14/2014,Carrier and Broker,Company,A & R COMPLETE BUILDING CO. LTD,,07370437
CB/LE5601WK/A001,9/4/2014,Carrier,Company,A J N PALLETS LTD,,07036795
CB/LE5602CN/A001,6/28/2014,Carrier,Company,P V Solar Energy Ltd,,07663410
CB/LE5609AS/A001,9/21/2014,Broker,Company,KAKA RECYCLING LIMITED,,07670945
CB/LE5709JZ/A001,11/10/2014,Carrier,Company,INTERIORS INCORPORATED LTD,,07718854
CB/LE5798BC/A001,12/19/2014,Carrier and Broker,Company,ABEE HIRE LTD,,07687773
CB/LE5802VZ/A001,7/11/2014,Carrier,Company,JARVIS & TATTAM LTD,,07221791
CB/LE5803ZR/A001,7/20/2014,Carrier,Company,D W G SMITH LTD,,04416193
CB/LE5807CM/A001,7/4/2014,Carrier,Company,CLWYD AGRICULTURAL LTD,,05453631
CB/LE5895LA/A001,1/5/2015,Carrier and Broker,Company,MV RECYCLING (UK) LTD,,07079676
CB/LE5905VY/A001,8/17/2014,Carrier,Company,HOWARD SKIPS LTD,,06862521
CB/LE5906JF/A001,11/16/2014,Carrier and Broker,Company,A.G ENTERPRISES LIMITED,,06995435
CB/LM3084KC/A001,7/4/2014,Carrier,Company,SJ PLANT HIRE LTD,,04691045
CB/LM3180TE/A001,7/25/2014,Carrier,Company,BEECHWOOD PROPERTY SERVICES LTD,,03228011
CB/LM3182HG/A001,9/17/2014,Carrier,Company,ENFIELD AUTO RECOVERY LTD,,04405692
CB/LM3183HT/A001,8/17/2014,Carrier and Broker,Company,RTP WORKSPACE SOLUTIONS LTD,,07416880
CB/LM3183NE/A001,12/20/2014,Carrier and Broker,Company,LINES DISTRIBUTION SERVICES LTD,,SC246460
CB/LM3187CC/A001,11/16/2014,Carrier and Broker,Company,PLASTERBOARD RECYCLING SOLUTIONS LTD,,07217680
CB/LM3280NF/A001,12/29/2014,Carrier,Company,A K REFRIGERATION LTD,A K SERVICES,05683649
CB/LM3282HT/A001,9/10/2014,Carrier,Company,MORRIS (CHESTERFIELD) LTD,SIMPLY CLEARANCES,05009682
CB/LM3283HF/A001,8/17/2014,Carrier,Company,DIVE SAFE-UK LTD,,07499223
CB/LM3382HF/A001,9/25/2014,Carrier,Company,M P Gethen Mechanical Process Pipework Limited,,04171160
CB/LM3383KV/A001,7/18/2014,Carrier and Broker,Company,THE FURNITURE RECYCLING CO  (UK) LTD,,06317079
CB/LM3384KA/A001,7/4/2014,Broker,Company,GREENTECH CORPORATION LTD,,06980087
CB/LM3481HF/A001,9/17/2014,Carrier,Company,PETER CRISP LTD,Peter Crisp Design Studio,00953059
CB/LM3580KN/A001,6/27/2014,Carrier,Company,Tortank Ltd.,,02706206
CB/LM3583HW/A001,8/13/2014,Carrier,Company,WESSEX RURAL CRAFTS LTD,,06002528
CB/LM3683ZZ/A001,11/22/2014,Carrier,Company,MYNETT ELECTRICAL LTD,,04894712
CB/LM3780ZT/A001,11/19/2014,Carrier,Company,SWALLOW CREST CONTRACTORS LTD,,04999597
CB/LM3781HW/A001,10/1/2014,Carrier,Company,MNH SUSTAINABLE CABIN SERVICES LTD,,03620429
CB/LM3787TW/A001,8/18/2014,Carrier,Company,AT YOUR CONVENIENCE UK LTD,,05603415
CB/LM3880NQ/A001,12/20/2014,Carrier,Company,WILKINSON PROPERTY SERVICES (HARTLEY) LTD,,07643974
CB/LM3882HY/A001,9/12/2014,Carrier,Company,R.P.D. LTD,,01471214
CB/LM3883ZW/A001,11/22/2014,Carrier,Company,R H STOTT HAULAGE LTD,,07347603
CB/LM3987ZL/A001,12/15/2014,Carrier and Broker,Company,LONGCROFT SOLUTIONS LTD,,07525755
CB/ME5007CZ/A001,6/29/2014,Carrier,Company,CHASEFIELD (CONSTRUCTION) LTD,,02640286
CB/ME5009VC/A001,8/16/2014,Carrier,Company,TAMAYA BIO FUELS LTD.,,07469435
CB/ME5200QW/A001,12/1/2014,Carrier,Company,LANDSCAPE MANAGEMENT SERVICES LTD,,03724679
CB/ME5302JV/A001,11/5/2014,Carrier,Company,KITCHENS LTD,,00957302
CB/ME5401HN/A001,11/23/2014,Carrier and Broker,Company,Community Construction Limited,,07411150
CB/ME5408AY/A001,9/25/2014,Carrier and Broker,Company,K & B TRANSPORT LTD,,05737587
CB/ME5408VA/A001,8/18/2014,Carrier and Broker,Company,Inkberry Waste Resource Solutions Ltd,,07690124
CB/ME5501WG/A001,10/1/2014,Carrier,Company,MAYCOIL LTD,,03660029
CB/ME5504UF/A001,6/21/2014,Carrier and Broker,Company,The Cesspit Co. Ltd.,,03758233
CB/ME5507CQ/A001,8/28/2014,Carrier,Company,ALL IN PROPERTY SERVICES LTD,,04251343
CB/ME5601WT/A001,9/19/2014,Carrier and Broker,Company,ASSOCIATED COOLING SERVICES LTD,,02669946
CB/ME5602CE/A001,6/28/2014,Carrier and Broker,Company,JAYDEE BROOK LTD,,07100652
CB/ME5701WF/A001,9/8/2014,Carrier,Company,FRANCIS & LEWIS INTERNATIONAL LTD,,02652113
CB/ME5902CY/A001,6/28/2014,Carrier,Company,JOHN HOWARD UK (DARLINGTON) LTD,,07434913
CB/MM3082HX/A001,9/10/2014,Carrier,Company,ROMAY LTD,,02607202
CB/MM3185ND/A001,1/4/2015,Carrier,Company,TOM R RANYARD LTD,,04177616
CB/MM3283FH/A001,9/12/2014,Carrier,Company,BISHOP & WHEELER LTD,,05828901
CB/MM3382HC/A001,9/27/2014,Carrier,Company,MARK RUSSELL GLAZING LTD,,02803597
CB/MM3483HV/A001,9/7/2014,Carrier,Company,ELECTRICAL SERVICES & PROJECTS LTD,,02142742
CB/MM3484KY/A001,7/4/2014,Carrier,Company,MARREN MICROWAVE LTD,,01940659
CB/MM3487KL/A001,7/15/2014,Carrier,Company,The Croome and West Warwickshire Foxhounds Limited,,04359122
CB/MM3489NH/A001,12/24/2014,Carrier,Company,LAKIN CARPET & FLOORING CO LTD,,02218841
CB/MM3580FH/A001,9/20/2014,Carrier and Broker,Company,SNOWDENE ESTATES LTD,,04710753
CB/MM3580NA/A001,1/8/2015,Carrier and Broker,Company,ENVIROGUARD (NORTHWEST) LTD,,06014377
CB/MM3586KL/A001,7/22/2014,Carrier,Company,UNIVERSAL OFFICE INSTALLATIONS LTD,,03624576
CB/MM3680FC/R002,10/2/2014,Carrier,Company,LICENSED TYRE DISPOSALS LTD,,06621255
CB/MM3680KW/A001,6/24/2014,Carrier,Company,Scarbrow Contracts Ltd.,,03510217
CB/MM3780ZH/A001,11/22/2014,Carrier and Broker,Company,BARNY PARKER BUILDING SERVICES LTD,,07387216
CB/MM3785NK/A001,4/26/2015,Carrier,Company,DAVID CRETNEY LTD,,04438891
CB/MM3787TA/A001,8/21/2014,Carrier and Broker,Company,DURATRUST LTD,,04433259
CB/MM3880NP/A001,1/3/2015,Carrier,Company,VEHICLE RECYCLING & TRANSPORTATION LTD,,07394645
CB/MM3884KU/A001,7/4/2014,Broker,Company,FRONTLINE LEGAL SERVICES LTD,,06920951
CB/MM3887KF/A001,7/19/2014,Carrier and Broker,Company,ACME JOINERY LTD,,07185265
CB/MM3981HJ/A001,9/19/2014,Carrier,Company,MALCOLM BANHAM SHOPFITTING LTD,,05680753
CB/MM3983HS/A001,8/17/2014,Carrier and Broker,Company,EAST YORKSHIRE MOTOR SPORT LTD,Sparrow Recovery,04133971
CB/MM3985NC/A001,1/10/2015,Carrier,Company,EURO CONTRACTS (LONDON) LTD,,04225200
CB/MM3986TD/A001,8/14/2014,Carrier,Company,ASK US DRAIN SERVICES LTD,Ask Us Drain Services Ltd,05913986
CB/NE5006ZF/A001,7/24/2014,Carrier,Company,HRJ GOULD LTD,,05026406
CB/NE5101CM/A001,6/30/2014,Carrier and Broker,Company,EES 1 Limited,,07423358
CB/NE5106WH/A001,9/7/2014,Carrier,Company,D JONES CONTRACTS LTD,,07506986
CB/NE5204ZF/A001,7/14/2014,Carrier,Company,EXPAND CONSTRUCTION LTD,,05021630
CB/NE5300QD/A001,11/18/2014,Carrier,Company,SOWDEN BROTHERS (ROOFING) LTD,,01619279
CB/NE5390LP/A001,1/8/2015,Carrier and Broker,Company,GROVE ENVIRONMENTAL (RECYCLING) LIMITED,,2305917
CB/NE5396PV/A001,12/2/2014,Carrier,Company,P & R HEATING LTD,,04709692
CB/NE5495LC/A001,1/5/2015,Carrier and Broker,Company,One Love Tyres Ltd,,07892446
CB/NE5504KS/R003,11/8/2014,Carrier,Company,Gilgen Door Systems UK Limited,,03762371
CB/NE5505AA/A001,9/19/2014,Carrier and Broker,Company,Rapid Recycling Ltd,,07681184
CB/NE5593SW/A001,1/5/2015,Carrier,Company,JACKSONS RECOVERY LTD,,04331788
CB/NE5706ZB/A001,7/18/2014,Carrier,Company,JETHIRE LTD,Swift Autocentre,02062990
CB/NM3080TE/A001,7/20/2014,Carrier,Company,ROB HATFIELD LTD,,04570357
CB/NM3082HG/A001,12/27/2014,Carrier,Company,TENDRING REUSE & EMPLOYMENT ENTERPRISE,Tendring Reuse & Recycling Ltd,05100604
CB/NM3083KC/A001,6/26/2014,Carrier and Broker,Company,Rosegate (Uk) Ltd.,,06165932
CB/NM3089TT/A001,8/1/2014,Carrier,Company,KERVEN BROS. LTD,,00427599
CB/NM3180TW/A001,7/21/2014,Carrier and Broker,Company,HUNTERS BROOK INSTALLATIONS LTD,,04312315
CB/NM3181HG/A001,9/20/2014,Broker,Company,WASTE SOLUTIONS SOUTHEAST LTD,,07206524
CB/NM3286TG/A001,8/18/2014,Carrier and Broker,Company,RENOV-8 LTD,,03282638
CB/NM3387HQ/A001,9/17/2014,Carrier,Company,BARTH SERVICES LTD,,05787183
CB/NM3481KV/A001,7/18/2014,Carrier and Broker,Company,BRENDAN ZAGDAN LTD,First Computers,07185816
CB/NM3487TZ/A001,8/22/2014,Carrier,Company,CARTRIDGE WORLD BRAINTREE LTD,,07111066
CB/NM3489TW/A001,8/20/2014,Carrier,Company,HOME & INDUSTRIAL HEATING SERVICES LTD,,03529709
CB/NM3581TL/A001,8/21/2014,Carrier,Company,A J COCKS TRANSPORT LTD,,04943384
CB/NM3583NB/A001,12/19/2014,Carrier,Company,A.L. YOUNGER LTD,WESSEX PICTURES,01624083
CB/NM3586HB/A001,9/11/2014,Carrier and Broker,Company,TIMESACE LTD,,03934476
CB/NM3681KD/A001,7/17/2014,Carrier,Company,TANFIELD ENGINEERING SYSTEMS LTD,,03808437
CB/NM3787CS/A001,12/4/2014,Carrier,Company,GRANTFEN FIRE & SECURITY LTD,,04084767
CB/NM3789KN/A001,6/29/2014,Carrier,Company,HGV HIRE SPECIALISTS LTD,,07243797
CB/NM3985HG/R002,9/17/2014,Carrier,Company,J & M ASSOCIATES (MIDLANDS) LTD,,04240374
CB/NN5777GT/R004,10/13/2014,Carrier and Broker,Company,Right Price Computer Supplies Ltd.,W T Supplies,03754406
CB/NN5914UE/R002,12/12/2014,Carrier,Company,D R Kershaw Ltd.,,00673150
CB/PE5002WS/A001,9/5/2014,Carrier,Company,FYLDE PAVING LTD,,04671148
CB/PE5004JW/A001,11/25/2014,Carrier,Company,LORDSHIP BUILDING SERVICES LTD,,04505338
CB/PE5004NY/A001,8/9/2014,Carrier,Company,SIMPSON SKIP HIRE LTD,,04494765
CB/PE5104EN/A001,8/12/2014,Carrier,Company,KEO CONTRACTORS LTD,,03265778
CB/PE5200NW/A001,7/26/2014,Carrier,Company,FIRST COMMERCE CONSULTING LTD,,07074261
CB/PE5201JE/A001,11/17/2014,Carrier and Broker,Company,DAVID & NANCY GEE LTD,,02614060
CB/PE5205NL/A001,7/26/2014,Carrier,Company,I S F GROUP LTD,,00072126
CB/PE5206JB/A001,11/13/2014,Carrier,Company,DAVIES & EASON LTD,,04890877
CB/PE5209UA/V003,11/7/2014,Carrier,Company,G & P CLEANING SERVICES LTD,,04578096
CB/PE5303AC/A001,9/11/2014,Carrier,Company,E.JOHN SPRATLEY LTD,Spratley's Of Mortimer,00466095
CB/PE5406JU/A001,11/7/2014,Carrier and Broker,Company,FLETCHER ELECTRICALS LTD,,06718508
CB/PE5505NT/A001,7/26/2014,Carrier,Company,LAPORT LTD,,02041480
CB/PE5505QC/A001,12/4/2014,Carrier,Company,ALLSAND SUPPLIES LIMITED,,03036575
CB/PE5605ZQ/V002,7/7/2014,Carrier,Company,Windlesham Gates Ltd,,07552325
CB/PE5696BH/A001,12/30/2014,Carrier,Company,A.BROOKS SERVICES LTD,,03971405
CB/PE5702ZR/A001,7/18/2014,Carrier and Broker,Company,SAFE HOUSE SOLUTIONS LIMITED,,04905102
CB/PE5794BK/A001,12/5/2014,Carrier,Company,T & R PAVING LTD,,05701167
CB/PE5804WJ/A001,9/4/2014,Carrier,Company,M  &  S GARDEN SERVICES LTD,,07435904
CB/PE5808NY/A001,7/26/2014,Carrier and Broker,Company,GASKELL MCDOWALL CONSTRUCTION LTD,,02719679
CB/PM3083HF/A001,8/17/2014,Carrier and Broker,Company,GRIFFITHS & JAMES ELECTRICAL SERVICES LT,,06372623
CB/PM3085NY/A001,1/7/2015,Carrier,Company,JCM ENVIRONMENTAL SERVICES LTD,,06722495
CB/PM3087KJ/A001,7/15/2014,Carrier,Company,B J PARRETT & SON LTD,,07181531
CB/PM3180FU/A001,9/25/2014,Carrier,Company,K and A Interiors Ltd,,05507221
CB/PM3186CN/A001,12/2/2014,Carrier,Company,R A & L J THORN TRANSPORT LTD,,04481823
CB/PM3187HY/A001,9/21/2014,Carrier,Company,DATASAVE LTD,,03007864
CB/PM3188KS/V002,7/4/2014,Carrier,Company,BAR ONE ELECTRICAL WHOLESALERS LTD,,07688315
CB/PM3281HF/A001,12/13/2014,Carrier and Broker,Company,F G D LTD,,05053385
CB/PM3281TQ/A001,8/15/2014,Carrier,Company,M.B. (HANTS) LTD,MILFORD BODYWORKS & FORREST RESCUE,01421428
CB/PM3283FZ/A001,9/27/2014,Carrier,Company,CORNWALL APPLIANCE SERVICES LTD,,03572606
CB/PM3283HE/A001,8/29/2014,Carrier,Company,1M CONSTRUCTION LTD,,06165604
CB/PM3388NT/A001,1/9/2015,Carrier,Company,FIRST CLASS BUILDING CONTRACTORS LTD,,06754498
CB/PM3389ZQ/A001,12/16/2014,Carrier,Company,CDL ENVIRONMENTAL SERVICES LTD,,04568040
CB/PM3481KA/A001,7/15/2014,Carrier,Company,ERF ELECTRICAL WHOLESALERS LTD.,,00911692
CB/PM3486HB/A001,10/1/2014,Carrier,Company,S & S TANKS LTD,,04510070
CB/PM3580FZ/A001,9/22/2014,Carrier,Company,C.P. REFURBISHMENTS LTD,,06266998
CB/PM3681HR/A001,9/20/2014,Carrier,Company,MIDLANDS ELECTRICAL TESTING SERVICES LTD,,04718326
CB/PM3685NT/A001,1/4/2015,Carrier and Broker,Company,CITY EXHAUST & TYRES LTD,,04371052
CB/PM3686CP/A001,11/13/2014,Carrier and Broker,Company,City Scrap London Ltd,City Scrap London Ltd,07504808
CB/PM3783HB/A001,8/17/2014,Carrier and Broker,Company,SMALL BUILDING WORKS LTD,,04978100
CB/PM3789TB/R002,8/6/2014,Carrier,Company,CLEARVIEW CLEANING SERVICES (HEREFORD) LIMITED,,04128774
CB/PM3881HQ/A001,9/19/2014,Carrier,Company,COMPLETE BUILDING & REFURBISHMENT SERVIC,,07460883
CB/PM3981HB/A001,9/19/2014,Carrier,Company,HYGIENIC COATINGS LTD,,02945914
CB/PN5915TA/R004,10/14/2014,Carrier,Company,GENIE SOLUTIONS LTD,,06605577
CB/QE5001EG/A001,8/23/2014,Carrier,Company,LANCASHIRE GROUNDWORKS LTD,,03448506
CB/QE5006EW/A001,8/18/2014,Carrier and Broker,Company,AQUA-SOLV SOLUTIONS LTD,,06859436
CB/QE5093LL/V002,1/3/2015,Carrier,Company,URBAN OPPORTUNITIES CIC,,07245559
CB/QE5102ND/V002,8/10/2014,Carrier,Company,ESSEX SITE CLEARANCES LIMITED,,07631812
CB/QE5204NS/A001,8/10/2014,Carrier,Company,S.B.S. BUILDING CONSULTANTS LTD,,01448499
CB/QE5305NX/A001,8/1/2014,Carrier,Company,P.D. COYNE LTD,,04342327
CB/QE5500NP/A001,7/20/2014,Carrier,Company,TOTAL HYGIENE LTD,,02489536
CB/QE5508VP/A001,9/11/2014,Carrier,Company,CLEARAWAY DRAINAGE SERVICES LTD,,02946763
CB/QE5602ZA/A001,7/19/2014,Carrier and Broker,Company,FLAMEOUT (LONDON) LTD,,03590674
CB/QE5699BW/A001,12/14/2014,Carrier,Company,M. S. OAKES LIMITED,Reade of Aldeburgh,02378926
CB/QE5701AW/A001,9/21/2014,Carrier and Broker,Company,HIGHERCALL LTD,,07510703
CB/QE5807WU/A001,10/7/2014,Carrier,Company,UK PALLET SERVICES LTD,,06595691
CB/QE5808DC/V004,10/22/2014,Carrier,Company,J SHAW ELECTRICAL ENGINEERS LTD,,00881963
CB/QE5898LU/A001,1/8/2015,Carrier,Company,REMY AUTOMOTIVE UK LTD,,03455049
CB/QE5903AB/A001,10/3/2014,Carrier and Broker,Company,GLIDEBRIDGE PLANT LTD,,05882790
CB/QM3083HC/A001,9/19/2014,Carrier,Company,QUEENSGATE LIMITED PARTNERSHIP,,LP010886
CB/QM3086HA/A001,10/7/2014,Carrier and Broker,Company,Cornwall Housing Limited,,04662007
CB/QM3087GR/A001,6/23/2014,Carrier,Company,Sleepright Ltd.,Welbeck Flooring,05228539
CB/QM3180TD/A001,8/26/2014,Carrier,Company,CONSTRUCTION PARTNERSHIP LTD,,03685530
CB/QM3283HV/A001,8/13/2014,Carrier and Broker,Company,R T CONTRACTORS (NEW FOREST) LTD,,05945168
CB/QM3383KY/A001,7/20/2014,Carrier,Company,F & S Interiors Ltd.,,05009544
CB/QM3386CR/A001,11/15/2014,Carrier,Company,R & M CIVIL ENGINEERING LTD,,06440131
CB/QM3387ZD/A001,12/20/2014,Carrier,Company,WELLS SOLUTIONS INC LTD,Wells Solutions Ltd,07340102
CB/QM3389ZP/A001,11/28/2014,Carrier,Company,ADLIN SERVICES LTD,,05354015
CB/QM3483TK/A001,8/6/2014,Carrier,Company,SKYLINE AIR CONDITIONING LTD,,03737120
CB/QM3486HS/A001,9/19/2014,Carrier,Company,CHRAMA LTD,David Price Homes,04005979
CB/QM3487TV/A001,8/17/2014,Carrier,Company,COVENTRY HOSES  &  APPLIANCES LTD,Pirtek Peterborough,04320699
CB/QM3488TA/A001,8/31/2014,Carrier,Company,RAG COLLECTIONS LTD,,03776053
CB/QM3689NA/A001,1/5/2015,Carrier,Company,TREE PROFILES LTD,,04856949
CB/QM3780FA/A001,10/17/2014,Carrier,Company,R. & M.A. STEWART LTD,,01891284
CB/QM3783TN/A001,8/15/2014,Carrier and Broker,Company,KIRKPATRICK CARRIERS LTD,,02317164
CB/QM3786TD/A001,8/14/2014,Carrier,Company,Acorn Timber Reuse and Recycling CIC,Acorn Timber Reuse & Recycling(CIC),07357806
CB/QM3880NM/A001,12/28/2014,Carrier,Company,SYNERGY COURIER  &  REMOVALS SERVICES LTD,,07672375
CB/QM3881HP/A001,10/13/2014,Carrier,Company,BARTLE TRANSPORT SERVICES LTD,,03700848
CB/QM3881ZA/A001,1/6/2015,Carrier,Company,CRIME SCENE CLEANING UK LTD,,06514324
CB/QM3886TJ/A001,8/14/2014,Carrier,Company,J E D CRUSHING & SCREENING LTD,,06641939
CB/QM3980NX/A001,1/5/2015,Carrier,Company,BENNETTS (DEREHAM) LTD,Bennetts Dereham Limited,01208036
CB/RE5003NY/R003,12/16/2014,Carrier and Broker,Company,T M P TECHNOLOGY LTD,,04041134
CB/RE5007JB/A001,11/22/2014,Carrier,Company,J.I. PALLETT LANDSCAPING LIMITED,,07600447
CB/RE5205AV/A001,9/21/2014,Carrier,Company,WESTPOINT VETERINARY GROUP LIMITED,,SC277099
CB/RE5294BP/A001,10/31/2014,Carrier,Company,ADEY HOLDINGS LTD,,04369331
CB/RE5300ZT/A001,7/1/2014,Carrier,Company,Metnor Group Plc,NORSTEAD,03596379
CB/RE5306WA/A001,10/3/2014,Carrier,Company,A C R LONDON LTD,,04097241
CB/RE5309VQ/A001,8/21/2014,Carrier,Company,TOM ALGAR FENCING LTD,,07709792
CB/RE5405DQ/V002,10/13/2014,Carrier and Broker,Company,UNIVERSAL BIOGAS LIMITED,,07646486
CB/RE5500WH/V003,8/30/2014,Carrier and Broker,Company,H & A WASTE SERVICES LIMITED,,07750005
CB/RE5503VE/A001,8/21/2014,Carrier,Company,WOLLASTON HAULAGE LTD,,06156172
CB/RE5505VR/A001,9/1/2014,Carrier,Company,WOODLAND OIL LTD,,03191380
CB/RE5509VL/A001,8/21/2014,Carrier,Company,ABERSWIFT DE LEADING SPECIALISTS LTD,,04254476
CB/RE5593LN/A001,1/3/2015,Carrier,Company,CLOWES NASH AUCTIONS LTD,,06724170
CB/RE5605JT/A001,11/8/2014,Carrier,Company,H&H WASTE CONTRACTORS LTD,,05635540
CB/RE5702NT/A001,8/11/2014,Carrier and Broker,Company,GBF LOGISTICS LIMITED,,07664833
CB/RE5709AH/A001,9/13/2014,Carrier and Broker,Company,L & G UTILITIES LTD,,07327155
CB/RE5798BA/A001,1/5/2015,Carrier,Company,IMLEY CONSTRUCTION LTD,,02749902
CB/RE5904VB/A001,6/23/2014,Carrier,Company,WINDOW MEDIC YNYS MON LTD,,06089796
CB/RE5906WX/A001,10/16/2014,Carrier,Company,FOREST FUELS LTD,,05735950
CB/RE5906ZT/A001,7/20/2014,Broker,Company,Trading 128 Ltd,,07628818
CB/RE5908AC/A001,8/15/2014,Carrier,Company,THOMPSON HEATING (2000) LTD,,04072454
CB/RE5908VT/A001,9/4/2014,Carrier,Company,R  &  W SERVICES LTD,,06063320
CB/RM3080FU/A001,10/13/2014,Carrier,Company,GEORGE HUTTON LTD,,05541413
CB/RM3081ZL/A001,12/14/2014,Carrier and Broker,Company,THORNCROFT WASTE MANAGEMENT LTD,Thorncroft Waste Management Ltd,07689948
CB/RM3183NY/A001,12/19/2014,Carrier,Company,ACCO SYSTEMS LTD,,04969200
CB/RM3281HZ/A001,9/20/2014,Carrier,Company,STRADA HOLDINGS LTD,,04713960
CB/RM3281KV/A001,7/18/2014,Carrier,Company,PIER (UK) LTD,,04277266
CB/RM3380NR/A001,12/28/2014,Carrier,Company,YODEL TRANSPORT LTD,,04358862
CB/RM3387ZY/A001,12/21/2014,Carrier,Company,P T CORKILL LTD,,01142197
CB/RM3481HW/A001,10/14/2014,Carrier,Company,MAINTEC LTD,,04646325
CB/RM3484TF/A001,10/3/2014,Carrier,Company,MCKEOWN BUSINESS MOVES LTD,,04522382
CB/RM3489NE/A001,1/3/2015,Carrier,Company,B S BASSITT PLUMBING & HEATING LTD,,04930206
CB/RM3580ZF/A001,1/27/2015,Broker,Company,CLEAR ENVIRONMENT (OFFICE CLEARANCE) LTD,,06749090
CB/RM3586HU/A001,10/2/2014,Carrier,Company,NENE VALLEY PAVING LTD,,06332210
CB/RM3587KH/A001,7/24/2014,Carrier,Company,PREMIER FACILITIES MAINTENANCE LTD,,05631007
CB/RM3589ZU/A001,11/27/2014,Carrier,Company,R HARBORNE LTD,,04937894
CB/RM3681HY/A001,9/13/2014,Carrier and Broker,Company,HOME COUNTIES HEATING LTD,,06616047
CB/RM3683ZR/A001,12/5/2014,Carrier,Company,THE CEILING & PARTITION CO  LTD,,06208754
CB/RM3783NT/A001,1/8/2015,Carrier and Broker,Company,ACME AUTO SALVAGE LTD,,06206803
CB/RM3887KV/A001,8/10/2014,Carrier,Company,Stellison Ltd,STELLISONS ELECTRICAL,00743883
CB/RM3983KH/A001,6/26/2014,Carrier,Company,Consort Services Ltd.,,06579309
CB/RM3986FF/V002,10/18/2014,Carrier,Company,JOHN SAINSBURY (OFFICE EQUIPMENT) LTD,,01621995
CB/RN5710MQ/R002,3/10/2015,Carrier,Company,WWES LTD,,05530215
CB/SE5006JP/A001,11/26/2014,Carrier,Company,J S P BUILDING SERVICES LTD,,06373721
CB/SE5101CT/A001,6/29/2014,Carrier,Company,COWLARD FLEET MANAGEMENT LTD,,04320664
CB/SE5101ZK/A001,7/17/2014,Carrier,Company,TRATO TRADING LTD,,07352287
CB/SE5108VA/A001,8/18/2014,Carrier,Company,GLO DEVELOPMENTS LTD,,06133116
CB/SE5190LB/A001,1/3/2015,Carrier,Company,SHEPHERD CONSTRUCT (COLCHESTER) LTD,,07514201
CB/SE5296BU/A001,12/31/2014,Carrier,Company,BENDALL DEVELOPMENTS LTD,,00583154
CB/SE5301CZ/A001,6/29/2014,Carrier,Company,Hawkwise Pest Control Limited,,07644556
CB/SE5303VC/A001,11/22/2014,Carrier,Company,SCOTT & COLTHERD LTD,,04096606
CB/SE5309VP/A001,8/21/2014,Carrier,Company,BRYN EVANS JOINERY LTD,,04929421
CB/SE5400QL/A001,12/4/2014,Carrier and Broker,Company,A.F.DAVISON LIMITED,,NI012747
CB/SE5401WF/A001,9/18/2014,Carrier,Company,F J KADESH LTD,,04708695
CB/SE5402CW/A001,7/11/2014,Carrier,Company,T.A. INDUSTRIES LTD,,02658386
CB/SE5502CR/A001,6/28/2014,Carrier,Company,ROGER MCMILLAN PROPERTIES LTD,,01485662
CB/SE5607JN/A001,11/21/2014,Carrier and Broker,Company,Penhill Transport Limited,,07684017
CB/SE5704VJ/A001,8/17/2014,Carrier,Company,D.F. TOURLE LTD.,,03103366
CB/SE5801ZJ/A001,7/20/2014,Carrier,Company,Electron Services North East Ltd,,07668598
CB/SE5804VP/A001,8/21/2014,Carrier,Company,TOP GRADE CLADDING LTD,,04808019
CB/SE5809VH/A001,8/21/2014,Carrier,Company,H D CIVIL ENGINEERING LIMITED,,07618432
CB/SE5906DC/A001,11/22/2014,Carrier and Broker,Company,Festina,,13375259
CB/SM3081CU/A001,12/10/2014,Carrier,Company,HAVEN LOGISTICS LTD,,03029471
CB/SM3182HN/A001,9/14/2014,Carrier,Company,HOUGHTON CONSTRUCTION (ALCESTER) LTD,,05224675
CB/SM3280FH/A001,10/9/2014,Carrier,Company,FRY WASTE LTD,,06595260
CB/SM3283ZC/A001,11/22/2014,Carrier,Company,TOWN & COUNTRY CRUSHERS LTD,T.C.C Ltd,05355966
CB/SM3284KQ/A001,7/7/2014,Carrier and Broker,Company,GREEN & COUNTRY LTD,,06562133
CB/SM3383HD/A001,8/21/2014,Carrier and Broker,Company,WILLMOTT DIXON CONSTRUCTION LTD,Willmott Dixon Construction,00768173
CB/SM3387ZJ/A001,1/5/2015,Carrier,Company,BOWMAT FENCING LTD,,05608070
CB/SM3480HV/A001,8/22/2014,Carrier,Company,LF LOGISTICS NE LTD,,07330135
CB/SM3487KT/A001,7/18/2014,Carrier and Broker,Company,RHINO TRADE FRAMES LTD,,07411054
CB/SM3585NH/A001,1/4/2015,Carrier,Company,CLEARVIEW PLASTICS LTD,,03474409
CB/SM3589FH/A001,10/17/2014,Carrier,Company,BAKER STICKLAND ENVIRONMENTAL LTD,,05904047
CB/SM3685NC/A001,1/4/2015,Carrier,Company,L. GARFIELD (BUILDERS) LTD,,01255403
CB/SM3687KZ/R004,8/11/2014,Carrier,Company,UNIVERSITY OF BRADFORD,,RC000647
CB/SM3781CR/A001,11/10/2014,Carrier and Broker,Company,NORTH WILTS OFFICE SUPPLIES LTD,KERR OFFICE GROUP,03990909
CB/SM3787ZX/A001,11/29/2014,Carrier,Company,MIDDLE ENGLAND ESTATES LTD,,03083636
CB/SM3880TC/A001,8/1/2014,Carrier and Broker,Company,UR OFFICE LTD,BC INTERIORS,07354267
CB/SM3881CY/A001,11/10/2014,Carrier,Company,COUNTRY GARDEN (SOUTH WEST) LTD,,05587037
CB/SM3881TN/A001,8/16/2014,Carrier,Company,J B PROPERTY MAINTENANCE LTD,All Trades Network,07359692
CB/SM3889NP/A001,12/29/2014,Carrier,Company,DAVIES PROPERTY MAINTENANCE LTD,,07187068
CB/SM3980FP/A001,9/25/2014,Carrier and Broker,Company,SMI COOLING LTD,,07273257
CB/SM3983TD/A001,9/17/2014,Carrier and Broker,Company,WALTET MATERIALS LTD,,03230908
CB/SM3986CT/A001,11/20/2014,Carrier,Company,POSITIVE VENTILATION (UK) LTD,,06710772
CB/TE5000AM/A001,10/3/2014,Carrier,Company,STREETERS CARPETS & BEDS LTD,,01981391
CB/TE5190ST/A001,12/21/2014,Carrier and Broker,Company,Veolia ES Field Services Limited,,07816723
CB/TE5202WH/A001,9/18/2014,Carrier,Company,INTEND ELECTRICAL CONTRACTORS LIMITED,,07721715
CB/TE5402VZ/A001,8/10/2014,Carrier,Company,EAST COAST CHARTERS LTD,,07239024
CB/TE5504WD/A001,9/26/2014,Carrier,Company,THE DOOR & WINDOW CENTRE LTD,,06609226
CB/TE5606WS/A001,10/6/2014,Carrier,Company,NORTHERN FLOORCRAFT (GATESHEAD) LTD,,01107789
CB/TE5692BX/A001,12/20/2014,Carrier,Company,IT Transport & Logistics Limited,,07806529
CB/TE5694SL/A001,12/28/2014,Carrier,Company,REVERT ALLOYS LIMITED,,07792174
CB/TE5701FB/V002,7/1/2014,Carrier,Company,Colin Briscoe Construction Ltd.,,02884282
CB/TE5706EH/A001,8/25/2014,Carrier,Company,GEORGE TULLETT TRANSPORT SERVICES LTD,,01385841
CB/TE5708VG/A001,8/21/2014,Carrier and Broker,Company,BENCHMARK SOLAR LIMITED,,07593605
CB/TE5807CC/A001,9/19/2014,Carrier and Broker,Company,C.A.J. SERVICES LTD,,04598007
CB/TE5894SG/A001,12/28/2014,Carrier,Company,SALIX RIVER & WETLAND SERVICES LTD,,04944506
CB/TE5905VU/A001,8/12/2014,Carrier and Broker,Company,WEST LINDSEY LANDSCAPES LTD,,06622942
CB/TE5992LJ/A001,1/9/2015,Carrier,Company,AUSTIN WALMSLEY LTD,,04556651
CB/TM3080HT/A001,8/22/2014,Carrier,Company,WORKSOP PEUGEOT CENTRE LTD,,07393149
CB/TM3083HE/A001,8/19/2014,Carrier,Company,FIVE STAR HAULAGE LTD,,04964213
CB/TM3083ZT/A001,11/22/2014,Carrier,Company,THISTLE COURIERS LTD,,SC204803
CB/TM3088UN/A001,8/18/2014,Carrier,Company,C.S. PROPERTY SERVICES (N.E.) LTD,,06748132
CB/TM3381CC/A001,11/23/2014,Carrier,Company,EURO-DIESEL (U K) LTD,,02450500
CB/TM3382TG/A001,8/11/2014,Carrier,Company,PRO-FIT WINDOWS & DOORS LTD,,05919612
CB/TM3388NZ/A001,1/23/2015,Carrier,Company,JARRETTS TRANSPORT LTD,Jarretts Removals,02617558
CB/TM3480TU/A001,7/25/2014,Carrier,Company,ADVANCED PALLET SYSTEMS LTD,Advanced Pallet Systems Ltd,04568580
CB/TM3483FY/A001,10/9/2014,Carrier,Company,ALERT FIRE & SECURITY LTD,,03210833
CB/TM3485NT/A001,1/7/2015,Carrier,Company,VOLKSPARTS OF DURHAM LTD,,03059071
CB/TM3486KK/A001,7/29/2014,Carrier,Company,JOHN SIMPSON TRANSPORT LTD,Simpson Skip Hire,04055148
CB/TM3487HG/A001,11/27/2014,Carrier and Broker,Company,DATASERV LTD,,03059912
CB/TM3489KN/A001,6/28/2014,Carrier,Company,AMSEC UK LTD,,05364006
CB/TM3580TG/A001,7/16/2014,Carrier,Company,WAYNE WINDOWS LTD,,02496468
CB/TM3581CV/A001,11/15/2014,Carrier and Broker,Company,M & D FLOORING LTD.,,05361871
CB/TM3680NL/A001,1/6/2015,Carrier,Company,RICHARD HOUGH LTD,,00101147
CB/TM3684HU/A001,9/30/2014,Carrier,Company,MIKE PAGETT LTD,,06209661
CB/TM3782HL/A001,12/14/2014,Carrier,Company,R.H. INSULATION SERVICES LTD,,02062526
CB/TM3784HG/A001,9/27/2014,Carrier,Company,DIVINE ROOFING & BUILDING LTD,,04267914
CB/TM3786HF/A001,9/19/2014,Carrier and Broker,Company,PT RAIL LTD,,07498774
CB/TM3788NY/A001,1/22/2015,Carrier,Company,STRUCTURAL MOVEMENT SOLUTIONS LTD,,05204280
CB/TM3881CJ/A001,11/7/2014,Carrier,Company,ROGER PALING JOINERS LTD,,04136126
CB/TM3884TY/A001,8/18/2014,Carrier and Broker,Company,SOUTH ESSEX HOMES LTD,,05453601
CB/TM3888NQ/A001,1/10/2015,Carrier,Company,HARRIS MILLER ELECTRICAL & NETWORK SOLUTIONS LTD,,06156771
CB/TM3980FB/A001,10/2/2014,Carrier,Company,STONE ENVIRONMENTAL LTD,,06542552
CB/TM3981HU/A001,9/19/2014,Carrier and Broker,Company,S. M. TRUCKING LTD,SMTRUCKING INTERNATIONAL,04757206
CB/TM3983FG/A001,10/3/2014,Carrier and Broker,Company,NEO AUTO (IMPORT & EXPORT) LIMITED,,05193328
CB/TM3987HW/A001,9/14/2014,Carrier and Broker,Company,CAMBRIDGE COACHWORKS LTD,,05153804
CB/TM3989NL/A001,1/22/2015,Carrier,Company,G & A TRANSPORT LTD,,01396833
CB/TN5413WF/R004,12/20/2014,Carrier and Broker,Company,Knm Skip Hire Ltd.,,05592843
CB/UE5002CF/A001,7/1/2014,Carrier,Company,NEWBURY ROOFING LTD,,04599104
CB/UE5094LT/A001,1/8/2015,Carrier,Company,THE LANDSCAPING CO LTD,,03621675
CB/UE5102CZ/A001,7/1/2014,Carrier,Company,DERSINGHAM BUILDING & CONTRACTING COMPANY LIMITED,,00403796
CB/UE5207CB/A001,6/29/2014,Carrier,Company,DIAL A PART LTD,,07340185
CB/UE5207JK/A001,11/15/2014,Carrier,Company,G. R. PARR & CO. LTD,,02451361
CB/UE5404JX/A001,11/21/2014,Carrier and Broker,Company,P J M MECHANICAL SERVICES LTD,,04535254
CB/UE5407CU/A001,6/29/2014,Carrier,Company,SILVER SPRING LANDSCAPES LTD,,07176129
CB/UE5593LW/A001,1/2/2015,Carrier,Company,ANDRASSY PROPERTY SERVICES LTD,,04986239
CB/UE5599SC/A001,12/22/2014,Carrier,Company,AQUARIUS DIRECT MAINTENANCE LIMITED,,07819781
CB/UE5603QE/A001,11/22/2014,Carrier,Company,WPM Building and Maintenance Ltd,,07773538
CB/UE5608AT/A001,9/15/2014,Carrier,Company,SAVILLES MOTOR FACTORS LTD,,04536045
CB/UE5701CQ/A001,7/11/2014,Carrier,Company,D C HURRELL & CO LTD,,05134122
CB/UE5707CF/A001,6/29/2014,Carrier,Company,ELING CONSTRUCTION LTD,,03244463
CB/UE5907EW/A001,8/1/2014,Carrier,Company,STORMSHIELD WINDOWS & CONSERVATORIES LTD,,03297874
CB/UM3085TK/A001,8/10/2014,Carrier,Company,PML SOLUTIONS LTD,,05907646
CB/UM3086CW/A001,11/7/2014,Carrier and Broker,Company,EXHAUST TYRES & BATTERIES (WORCESTER) LTD,,01532384
CB/UM3180HC/A001,9/9/2014,Carrier and Broker,Company,BENTRY LTD,,01583060
CB/UM3183FV/A001,10/2/2014,Carrier,Company,TYPHOON SERVICES LTD,,04162905
CB/UM3186KL/A001,7/18/2014,Carrier,Company,ICON SERVICES (UK) LTD,Icon Group Services,06594273
CB/UM3189KT/A001,6/28/2014,Carrier,Company,BLUESKY OFFICE INTERIORS LTD,,05461467
CB/UM3284KB/A001,7/18/2014,Carrier,Company,WESTCOUNTRY COOKING OILS LTD,,05848916
CB/UM3287TV/A001,8/15/2014,Carrier and Broker,Company,LONDONS CLASSIC REMOVALS & STORAGE LTD,,07343868
CB/UM3481CE/A001,11/15/2014,Carrier,Company,YORK VALE FENCING LTD,,04453549
CB/UM3481KQ/A001,7/18/2014,Carrier and Broker,Company,UDEN TRANSPORT LTD,,06748228
CB/UM3587CU/A001,11/16/2014,Carrier and Broker,Company,TOTAL LIFT CARE LTD,,05533223
CB/UM3683NH/A001,1/6/2015,Carrier and Broker,Company,W P COMMERCIALS LTD,,04869930
CB/UM3689ZH/A001,12/16/2014,Carrier,Company,S.M. SPAIN (BROMSGROVE) LIMITED,,01786921
CB/UM3889NS/A001,1/3/2015,Carrier and Broker,Company,RSL TRANSPORT LTD,,04091120
CB/UM3983FK/A001,9/21/2014,Carrier,Company,WILLIAM CRAFT CONSTRUCTION LTD,,07197213
CB/UM3986CF/A001,10/28/2014,Carrier,Company,S L V ELECTRICAL & MAINTENANCE SERVICES,,04390110
CB/UN5218SN/R005,12/21/2014,Carrier,Company,Aughton Automation Ltd.,,03872570
CB/UP3399SM/R003,1/19/2015,Carrier and Broker,Company,WASTESAFE LTD,,06769936
CB/VE5095BS/A001,12/19/2014,Carrier and Broker,Company,CARBON GRID (RECYCLING) LIMITED,,07810918
CB/VE5105AA/A001,9/21/2014,Carrier,Company,BRAVURA CONTRACTORS LIMITED,BRAVURA ELECTRICAL CONTRACTORS LIMITED,07148780
CB/VE5205QC/A001,10/16/2014,Carrier,Company,Peter Berggrens Akeri AB,,556367
CB/VE5205ZY/A001,7/18/2014,Carrier,Company,A. R. BARBER GARAGE DOORS LTD,,05216067
CB/VE5207CS/A001,6/21/2014,Carrier,Company,ACOS PLUMBING  &  HEATING LTD,,05406963
CB/VE5208JF/V002,11/21/2014,Carrier and Broker,Company,International Technology Products (UK) Ltd.,,03319889
CB/VE5308ZU/A001,8/1/2014,Carrier and Broker,Company,Polymer Extrusions Ltd.,,05949544
CB/VE5394SQ/V002,12/28/2014,Carrier and Broker,Company,A M WASTE MANAGEMENT LTD,,07838548
CB/VE5406ZL/A001,8/12/2014,Carrier,Company,MAYER BROS EXCAVATION LTD,,03695312
CB/VE5496BC/A001,12/19/2014,Carrier,Company,WASTE WOOD RECYCLING LTD,,03806371
CB/VE5605ZU/A001,7/18/2014,Carrier,Company,GEORGE BECK LTD,,03466715
CB/VE5694SU/A001,12/28/2014,Carrier and Broker,Company,BOSTON REID UK LIMITED,,07855744
CB/VE5701CP/A001,6/30/2014,Carrier,Company,SYNERGY HOUSING GROUP LIMITED,Synergy Works,IP030449
CB/VE5702EM/A001,8/17/2014,Carrier,Company,SPECIALIST BUSINESS CONSULTANTS LTD,,02870106
CB/VE5704WS/A001,9/25/2014,Carrier,Company,T COUZENS & SONS LIMITED,,00256491
CB/VE5707WK/A001,9/19/2014,Carrier,Company,P & T PROPERTY MAINTENANCE LIMITED,,07719490
CB/VE5806WK/A001,9/19/2014,Carrier and Broker,Company,Future Generation Solutions (Disposals) Limited,,07721514
CB/VE5998SR/A001,12/27/2014,Carrier and Broker,Company,LDS BUILDING SERVICES LTD,,04699170
CB/VM3086TF/A001,9/9/2014,Carrier,Company,VALLEY TRADING LTD,,04240696
CB/VM3087ZR/A001,12/18/2014,Carrier and Broker,Company,ENVIRONMENTAL MONITORING SOLUTIONS LTD,,04569474
CB/VM3183FW/A001,9/19/2014,Carrier and Broker,Company,LIQUILINE LTD,,07492613
CB/VM3281TU/A001,8/21/2014,Carrier and Broker,Company,EAGLE ASBESTOS MULTISERVICES LTD,Eagle Asbestos,06829950
CB/VM3284HQ/A001,9/13/2014,Carrier,Company,CARTERGATE BED CENTRE LTD,,01928351
CB/VM3287KK/V003,7/21/2014,Carrier and Broker,Company,CARL BUNGAY LTD,,05723797
CB/VM3384ZR/R002,12/24/2014,Carrier and Broker,Company,HAWK IT SYSTEMS LTD,,06442090
CB/VM3489KV/A001,6/29/2014,Carrier,Company,REGEN POWER LTD,,06376185
CB/VM3589GN/A001,6/24/2014,Carrier,Company,RON ROGERS LIMITED,,01473212
CB/VM3680TF/A001,8/8/2014,Carrier,Company,MILLER-EYRE CONSTRUCTION LTD,,02731872
CB/VM3686CX/A001,12/15/2014,Carrier,Company,GRIFFIN BUILDING CONTRACTORS LTD,,07451901
CB/VM3686KN/A001,8/12/2014,Carrier,Company,LAUDA FABRICATIONS LTD,,05747414
CB/VM3687KV/A001,7/19/2014,Carrier,Company,B. G. CARPENTER LTD,,04506133
CB/VM3780KM/A001,7/11/2014,Carrier,Company,EASTERN SALVAGE SERVICES LTD,,02904002
CB/VM3783ZB/A001,11/22/2014,Carrier,Company,ROBERTS FREIGHT LTD,,04553343
CB/VM3788NQ/A001,1/9/2015,Carrier,Company,GOLDENCRESS LTD,ROGERS REMOVALS / FAST WASTE,03911113
CB/VM3887HW/A001,11/10/2014,Carrier,Company,PALM TECHNOLOGY LTD,,04495608
CB/VM3980KK/A001,6/27/2014,Carrier,Company,ON TAP PLUMBERS LTD,,07080859
CB/WE5002CZ/A001,11/22/2014,Carrier and Broker,Company,Van der Wal Transport BV,,30209582
CB/WE5008NC/A001,7/26/2014,Carrier,Company,24/7 DRAINAGE SOLUTIONS LTD,,06501247
CB/WE5106EB/A001,9/12/2014,Carrier,Company,BENBOW GARDEN SERVICES LTD,,04545140
CB/WE5106JX/A001,11/17/2014,Carrier,Company,ELITE ELECTRICAL SERVICES LTD,,02199308
CB/WE5201CE/A001,6/30/2014,Carrier,Company,DRAINAGE  &  CIVIL ENGINEERING LTD,,07319048
CB/WE5204AR/A001,9/18/2014,Carrier,Company,GRANTREEL CONSTRUCTION LTD,,01298515
CB/WE5294LE/A001,10/28/2014,Carrier and Broker,Company,CHATSWORTH CONSTRUCTION LTD,,03156379
CB/WE5495SM/A001,1/12/2015,Carrier,Company,WESTFIELD SERVICES (UK) LTD,,02244439
CB/WE5501ZD/A001,7/30/2014,Carrier and Broker,Company,PFC ELECTRICAL CONTRACTORS LTD,,07518933
CB/WE5506CG/A001,6/28/2014,Carrier,Company,WATER MATTERS (U K) LTD,,04521304
CB/WE5590SD/A001,12/22/2014,Carrier and Broker,Company,RAPID TRANSPORT LTD,,03421524
CB/WE5606CT/A001,6/29/2014,Carrier,Company,Algio Nekrosious imone,,15974777
CB/WE5704JN/V002,11/17/2014,Carrier and Broker,Company,CARDBOARD PAPER PLASTICS RECYCLING LTD,,05595062
CB/WE5706JA/A001,11/17/2014,Carrier,Company,Options Energy Services Ltd,,07720104
CB/WE5707WT/A001,9/19/2014,Carrier and Broker,Company,ARAN SERVICES LTD,,05045144
CB/WE5902ET/A001,8/17/2014,Carrier,Company,KDE FACILITIES MANAGEMENT LTD,,07433286
CB/WM3087KU/A001,7/19/2014,Carrier,Company,QUMEC LTD,,04305917
CB/WM3186TN/A001,1/29/2015,Carrier,Company,CHELMER CONTRACT SERVICES LTD,,03442034
CB/WM3280KR/A001,7/30/2014,Carrier,Company,ELITE WINDOWS (SOUTH YORKSHIRE) LTD,,05407528
CB/WM3282CE/A001,11/3/2014,Carrier,Company,MARTLET BUILDERS & DECORATORS LTD,,04295579
CB/WM3283NM/A001,12/19/2014,Carrier and Broker,Company,GLYN EDWARDS OFFICE EQUIPMENT LTD,,01489926
CB/WM3286TV/A001,8/11/2014,Carrier and Broker,Company,DREAM COTTAGES LTD,,03665465
CB/WM3289KZ/A001,6/29/2014,Carrier,Company,LEWIS PROPERTY SERVICES LTD,,04474332
CB/WM3381KQ/R002,8/9/2014,Carrier and Broker,Company,MULBERRY WASTE LTD,,03051415
CB/WM3385NH/A001,1/8/2015,Carrier,Company,IMPERIAL WATERPROOFING SYSTEMS LTD,,02418369
CB/WM3389HC/V002,8/25/2014,Carrier and Broker,Company,I Recycle Waste Management Limited,,05996218
CB/WM3681KU/A001,8/19/2014,Carrier,Company,BRYTECH CONSTRUCTION LTD,,03305172
CB/WM3685NV/A001,1/9/2015,Carrier and Broker,Company,SCARLET COURIERS (SLOUGH) LTD,,01658317
CB/WM3780KU/A001,7/20/2014,Carrier,Company,EAST END HOMES LTD,,04516155
CB/WM3880KG/A001,6/27/2014,Carrier,Company,GTN PLUMBING LTD,,04819578
CB/WM3980FM/A001,10/20/2014,Carrier,Company,ABC MIX LTD,,04678767
CB/WM3981KF/A001,7/18/2014,Carrier and Broker,Company,CHRISCOTT LTD,,04499301
CB/WM3985NJ/A001,1/8/2015,Carrier,Company,KINGSPAN TAREC INDUSTRIAL INSULATION LTD,,05571822
CB/XE5000JW/A001,11/10/2014,Carrier,Company,Tandy Cunningham Electrical Contractors Ltd,,07105235
CB/XE5102CV/A001,6/28/2014,Carrier,Company,KT Operations Limited,,07538759
CB/XE5107EM/A001,11/22/2014,Carrier and Broker,Company,BessTrade BV,,NL080835
CB/XE5290LK/A001,1/3/2015,Carrier and Broker,Company,TIP TOP RECYCLING LTD,Tip Top,07892926
CB/XE5301ED/A001,7/7/2014,Carrier,Company,EKOSAN LTD,,07665171
CB/XE5302VE/A001,8/23/2014,Carrier,Company,AMABUILT LTD,,07148042
CB/XE5400ED/A001,8/11/2014,Carrier,Company,3rd Avenue Environmental Limited,,7665235
CB/XE5400TF/A001,11/22/2014,Carrier,Company,Heijboer Transport B.V.,,20107096
CB/XE5401CD/A001,7/6/2014,Carrier,Company,SANDROCK SERVICES LTD,,03121118
CB/XE5406NW/A001,8/26/2014,Carrier and Broker,Company,PROTEC CLEANING LTD,,06265046
CB/XE5495SU/A001,1/7/2015,Carrier,Company,A.W.R. PICKERSGILL LTD,,01611740
CB/XE5500AA/A001,10/4/2014,Carrier,Company,T. FORREST & SONS LTD,,00331221
CB/XE5609QX/A001,11/24/2014,Carrier,Company,ADVANCED DELIVERY SERVICES LTD,,03368947
CB/XE5609WC/R002,1/1/2015,Carrier,Company,R M CONTRACTORS (UK) LTD,,04290939
CB/XE5794BV/A001,1/3/2015,Carrier,Company,Smeets Ferry B.V,,23063365
CB/XE5804AK/A001,9/22/2014,Carrier,Company,S J M FACILITIES LIMITED,,07551805
CB/XE5806EV/A001,8/11/2014,Carrier and Broker,Company,JAB HAULAGE LTD,,04587367
CB/XE5906CV/A001,6/28/2014,Carrier and Broker,Company,ADSHEAD RATCLIFFE & CO LTD,,00388288
CB/XM3080FF/A001,11/27/2014,Carrier and Broker,Company,POWERFLEX BATTERIES LTD,,04396165
CB/XM3080HZ/A001,9/12/2014,Carrier,Company,WALKERS CONSTRUCTION LTD,Walkers Home Improvements,01293144
CB/XM3080ZG/A001,11/22/2014,Carrier,Company,EGOLOGIC LTD,,07491418
CB/XM3082CC/R003,11/30/2014,Carrier and Broker,Company,JOHN CLAYDEN & PARTNERS (LUBYSIL) LTD,,00780157
CB/XM3183KP/A001,7/20/2014,Carrier,Company,Invicta Building Services Ltd.,,04851667
CB/XM3187ZQ/A001,12/18/2014,Carrier and Broker,Company,THE STORAGE EQUIPMENT CENTRE LTD,,03934554
CB/XM3283NU/A001,12/18/2014,Carrier,Company,CHELAND CONNECTIONS LTD,Cheland Complete Maintenance,05243130
CB/XM3285NT/A001,1/4/2015,Carrier and Broker,Company,SYCP LTD,,05226166
CB/XM3385KK/A001,6/30/2014,Carrier,Company,SUSSEX FIREPLACE GALLERY LTD,,06929164
CB/XM3387HT/A001,9/21/2014,Carrier,Company,CUMBRIA BUSINESS GROUP LTD.,,02288666
CB/XM3587HZ/A001,10/2/2014,Carrier,Company,SOUTH WEST CONCRETE REPAIRS LTD,,03431115
CB/XM3689NB/A001,1/2/2015,Carrier,Company,GARY CLAGUE PLASTERING LTD,,04665585
CB/XM3780ZY/A001,11/21/2014,Carrier,Company,TURNER CONSTRUCTION (MIDLANDS) LTD,,01466739
CB/XM3785KV/A001,8/4/2014,Carrier,Company,ALL ELECTRICAL SERVICES (NORTH WEST) LTD,,04601387
CB/XM3880TW/A001,8/1/2014,Carrier,Company,JON CUFF ELECTRICAL LTD,,04678709
CB/XM3882KC/A001,8/1/2014,Carrier,Company,J P R ENGINEERING SERVICES LTD,,01087200
CB/XM3884KV/A001,7/10/2014,Carrier,Company,FLEMING BUILDING SERVICES LTD,,06653810
CB/XM3980HG/A001,8/29/2014,Carrier,Company,SPIRA PROJECTS LTD,,02572178
CB/XM3982HF/A001,10/15/2014,Carrier and Broker,Company,R & S RECYCLING LTD,,06058314
CB/XM3984KA/A001,7/28/2014,Carrier and Broker,Company,ORCHID TRANSPORT SERVICES LTD,,02235250
CB/XM3985NQ/A001,1/11/2015,Carrier,Company,A P T HAULAGE LTD,,03843547
CB/XM3986HR/A001,10/6/2014,Carrier,Company,GOODALLS TRANSPORT LTD,,01953555
CB/XM3987TT/A001,8/21/2014,Carrier and Broker,Company,ALL ASPECTS BUILDING SOLUTIONS LTD,,06793455
CB/XP3594PJ/R002,8/25/2014,Carrier,Company,M  A  Shephard (Builders) Ltd.,,04636533
CB/YE5000AT/A001,9/21/2014,Carrier and Broker,Company,PLUMBSMART SOLUTIONS LIMITED,,07546401
CB/YE5101EW/A001,9/8/2014,Carrier and Broker,Company,MS ELECTRICAL ENGINEERS & CONTRACTORS LT,,04735619
CB/YE5104CY/A001,6/28/2014,Carrier and Broker,Company,AMAN DOMESTICS APPLIANCES LTD,,07267396
CB/YE5202ZA/A001,7/19/2014,Carrier,Company,IGL BUILDING SERVICES LIMITED,,07048492
CB/YE5205EL/A001,8/11/2014,Carrier and Broker,Company,KLAS GROUNDWORKS LTD,,07540418
CB/YE5307CG/R002,10/1/2014,Carrier,Company,SKY IN-HOME SERVICE LTD,BskyB,02067075
CB/YE5400QT/A001,11/22/2014,Carrier,Company,AE GROUNDS MAINTENANCE LIMITED,, 0765774
CB/YE5406ET/A001,9/1/2014,Carrier,Company,3-D WYNDOWS LTD,,01253775
CB/YE5504CU/A001,6/28/2014,Carrier,Company,GATE VENTURES FACILITIES SERVICES LTD,,04221631
CB/YE5602WQ/A001,9/18/2014,Carrier and Broker,Company,DELTA SERVICES (SHEFFIELD) LTD,,05724890
CB/YE5602ZS/A001,7/19/2014,Carrier and Broker,Company,VINCENT PROPERTY DEVELOPMENTS LTD,,03785216
CB/YE5606WG/A001,8/20/2014,Carrier,Company,WELLWOOD CONTRACTS LTD,,03885501
CB/YE5691LR/A001,3/24/2015,Carrier,Company,JACQUES PRODUCTS LTD,,03256362
CB/YE5706ZC/A001,7/20/2014,Carrier,Company,YOUNG FOUNDATIONS LTD,,05029887
CB/YE5808JS/A001,11/5/2014,Carrier,Company,LINNEA CONTRACTS LTD,,05879528
CB/YE5809NK/A001,7/25/2014,Carrier,Company,PRO-POINT LTD.,,03776157
CB/YE5902WU/A001,9/29/2014,Carrier,Company,BENNETTS FAMILY FURNISHINGS LTD,,04533960
CB/YM3080ND/A001,12/28/2014,Carrier,Company,PINK LADIES PROFESSIONAL SERVICES LTD,Pink Ladies Plumbing,07373648
CB/YM3080ZK/A001,11/23/2014,Carrier,Company,POWERWASH LTD,,05725740
CB/YM3081CF/A001,12/5/2014,Carrier,Company,MALDON DEMOLITION LTD,,03883498
CB/YM3083FA/A001,9/19/2014,Carrier,Company,CHRIS GAMMON BED CENTRE LTD,,03740415
CB/YM3184HP/A001,9/9/2014,Carrier,Company,CLOSE CONTACT INTERNATIONAL LTD,,01326619
CB/YM3287CL/V003,12/16/2014,Carrier,Company,GLOUCESTER CITY HOMES LTD,,05611409
CB/YM3482KU/A001,7/12/2014,Carrier,Company,JEWEL WINDOWS LTD,,06978851
CB/YM3483HM/A001,9/6/2014,Broker,Company,CASTROL (U.K.) LTD,,02226084
CB/YM3487ZX/R002,12/16/2014,Carrier,Company,A & L CONTRACTORS LTD,,05214055
CB/YM3488HN/A001,9/30/2014,Carrier,Company,CELTIC RECOVERY LTD,,04180005
CB/YM3489NJ/A001,1/4/2015,Carrier,Company,TOTAL TEMPERATURE MANAGEMENT LTD,Igloo Thermo logistics,07092695
CB/YM3583HX/A001,8/21/2014,Carrier and Broker,Company,WHITE HOUSE LEISURE (FILEY) LTD,,06876618
CB/YM3682HX/A001,10/5/2014,Carrier,Company,L.ROWLAND & COMPANY (RETAIL) LIMITED,Rowlands Pharmacy,02288928
CB/YM3783ZM/A001,11/22/2014,Carrier,Company,PADDOCK ELECTRICAL LTD,,04703714
CB/YM3786CF/A001,11/30/2014,Carrier and Broker,Company,SUPERTUNE AUTOMOTIVE LTD.,,00932753
CB/YM3882CU/A001,12/2/2014,Carrier,Company,PAUL HANSTOCK AIR CONDITIONING SERVICES LTD,,03804952
CB/YM3982HC/A001,9/18/2014,Carrier,Company,CEERIOGE LTD,GFP Construction,01389092
CB/YM3983ND/A001,12/20/2014,Carrier and Broker,Company,NORTH DEVON HOMES LTD,,03674687
CB/YM3987ZV/A001,1/24/2015,Carrier,Company,J & C DODD LTD,hillfoot garden centre,03014517
CB/YM3988TC/A001,8/17/2014,Carrier and Broker,Company,SAVILLS COMMERCIAL LTD,,02605125
CB/ZE5001ZZ/A001,7/19/2014,Carrier,Company,Principally Building Ltd,The Home Front UK,7622511
CB/ZE5003RT/A001,10/16/2014,Carrier,Company,BEECHWOOD CONSTRUCTION (YORKSHIRE) LTD,,05658694
CB/ZE5006JG/A001,11/17/2014,Carrier,Company,HEATING & COOLING SERVICES LTD,,01874228
CB/ZE5104ZY/A001,7/17/2014,Carrier,Company,WHITE GROUNDWORKS LTD,,07491014
CB/ZE5105NF/V002,7/25/2014,Carrier,Company,PAUL BEALE SERVICES LTD,,07169848
CB/ZE5206NE/A001,8/11/2014,Carrier,Company,JOHN KELLY CONSTRUCTION SERVICES LTD,,06477399
CB/ZE5304ZB/A001,7/13/2014,Carrier and Broker,Company,SELECT MOVEMENTS & DISTRIBUTION LTD,,04732424
CB/ZE5305WP/A001,9/11/2014,Carrier and Broker,Company,B. THOMPSON & SONS (TRANSPORT) LTD,,00876085
CB/ZE5401ZY/A001,7/17/2014,Carrier and Broker,Company,BRENT DESIGN SERVICES LTD,,06802702
CB/ZE5404JF/A001,11/3/2014,Carrier,Company,MARTIN & BOWLES LTD,,04405374
CB/ZE5407CH/A001,7/4/2014,Carrier,Company,Blackburn Marshall Construction (NE) Ltd,,07543362
CB/ZE5408AH/A001,9/22/2014,Carrier,Company,Bydos Novaky Spol S.R.O,,36298867
CB/ZE5506ZT/A001,7/14/2014,Carrier,Company,RHODES WATKINS LTD,,05600827
CB/ZE5694ST/V002,12/28/2014,Carrier and Broker,Company,KINTORE TRANSPORT HAULAGE LTD,,07827600
CB/ZE5703ZG/A001,7/4/2014,Carrier and Broker,Company,Placements Building Supplies LTD,,07563547
CB/ZE5704ZT/A001,7/17/2014,Carrier,Company,CRE 8 TIVE CONSTRUCTION LTD,,06742310
CB/ZE5707CV/A001,7/1/2014,Carrier,Company,C. C. JENSEN LTD,,02504210
CB/ZE5792LP/A001,1/9/2015,Carrier and Broker,Company,ABNC LTD,,06359583
CB/ZE5807ZW/A001,8/3/2014,Carrier,Company,WALKER ELECTRICAL SERVICES (U K) LTD,,02856536
CB/ZM3080NY/A001,1/8/2015,Carrier,Company,R CULLEN CLEANING CONTRACTORS LTD,,06744562
CB/ZM3087ZQ/A001,12/18/2014,Carrier,Company,ROSS AUTO ENGINEERING LTD,Ross Care,00469301
CB/ZM3181KJ/A001,7/18/2014,Carrier,Company,J.L.A. BUILDING CONTRACTORS LTD,,07234917
CB/ZM3281ZE/A001,12/14/2014,Carrier,Company,INNERFRAME INSTALLATIONS LTD,,07318950
CB/ZM3283HB/A001,8/21/2014,Carrier,Company,WINDOW WIZE ENERGY & CONSERVATION LIMITED,,03606190
CB/ZM3389NY/A001,1/4/2015,Carrier,Company,IRS (UK) LTD,,02525571
CB/ZM3480NU/A001,1/9/2015,Carrier,Company,ADAM DOUGLAS CONTRACTOR LTD,,04805049
CB/ZM3480ZW/A001,11/27/2014,Carrier,Company,STILE FENCING & CONSTRUCTION LTD,,04169686
CB/ZM3481HB/A001,9/20/2014,Carrier,Company,P-S AUTO SERVICES LTD,,04895208
CB/ZM3483ZQ/A001,11/22/2014,Carrier,Company,LINCOLNSHIRE COUNTY COURIERS LTD,,03749655
CB/ZM3485XB/V003,6/27/2014,Carrier,Company,RAFFERTY INTERNATIONAL LIMITED,,02994921
CB/ZM3583HG/A001,8/21/2014,Carrier,Company,COX D K W & CO LTD,,01070149
CB/ZM3583TR/A001,7/20/2014,Carrier,Company,THE GARDEN CO LTD,,02679495
CB/ZM3584HT/A001,9/13/2014,Carrier and Broker,Company,HEXOR SYSTEMS LTD,,07336637
CB/ZM3782HT/A001,9/18/2014,Carrier,Company,ROBERTS WINDOWS LTD,,03747803
CB/ZM3782TY/A001,8/11/2014,Carrier,Company,NOAKE BUILDERS LTD,,04602056
CB/ZM3783ZU/A001,11/22/2014,Carrier,Company,N & P CLIMATE CONTROL LTD,,05603018
CB/ZM3785NY/A001,1/8/2015,Carrier and Broker,Company,SAMVIL LTD,Samvil,07621626
CB/ZM3881TY/A001,8/14/2014,Carrier,Company,JKL SOLUTIONS LTD,JKL Solutions Ltd,06874834
CB/ZM3883KV/A001,6/26/2014,Carrier,Company,Storm Heating Services Ltd.,,05309431
CB/ZN5215WW/R002,11/15/2014,Carrier,Company,Roger Durnford Building Services Ltd.,,04748947
